__v,_id,atributive,brand,category,comments,createdAt,description,images,price,ratings,shipping,slug,sold,subs,title,updatedAt
0,6455d35ee6a44f0b501664e6,,Zune,6455d18fe6a44f0b5016642c,[],2023-05-06T04:11:10.187Z,Chip: Cảm biến nhiệt độ 18B20 Điện áp làm viêc: 3.3-5V Phạm vi đo nhiệt độ (độ C): -55 ~ 125o Trọng lượng: 10g Kích thước: 2x1 cm,"[{""public_id"":""cysxcculdv1l3pcywday"",""url"":""https://res.cloudinary.com/dcqjrwaoi/image/upload/v1683979007/cysxcculdv1l3pcywday.jpg""}]",25000,[],Có,module-cam-bien-nhiet-djo-ds18b20,0,"[{""$oid"":""6455d2c7e6a44f0b50166480""}]",Module Cảm Biến Nhiệt Độ DS18B20,2023-05-13T11:56:50.730Z
0,6455d3ffe6a44f0b50166505,,Zune,6455d18fe6a44f0b5016642c,[],2023-05-06T04:13:51.122Z,Đầu dò nhiệt loại K Dải nhiệt độ: 0-800 độ C Chất liệu: Thép Kích thước: gồm 5 loại 5x200x5000 5x150x2000 5x150x3000 5x200x3000 5x200x2000,"[{""public_id"":""dfojtzy8oxtsoo28cejd"",""url"":""https://res.cloudinary.com/dcqjrwaoi/image/upload/v1683978990/dfojtzy8oxtsoo28cejd.jpg""}]",79000,[],Có,djau-do-cam-bien-nhiet-djo-k-wrn-187,0,"[{""$oid"":""6455d2c7e6a44f0b50166480""}]",Đầu Dò Cảm Biến Nhiệt Độ K WRN-187,2023-05-13T11:56:33.032Z
0,6455d4dee6a44f0b50166519,,Casio,6455d18fe6a44f0b5016642c,[],2023-05-06T04:17:34.812Z,"Sử dụng nguồn: 3-5V Giao tiếp: IIC Chất liệu PCB: Vàng ngâm chất lượng cao Độ đo chính xác:  0,02 ° C Giao diện kỹ thuật số tương thích SMBus Đầu ra PWM có thể tùy chỉnh để đọc liên tục Có chế độ nghỉ để giảm thiểu năng lượng","[{""public_id"":""b8ouugci7gh7l5su9cr5"",""url"":""https://res.cloudinary.com/dcqjrwaoi/image/upload/v1683978966/b8ouugci7gh7l5su9cr5.jpg""}]",170000,[],Có,cam-bien-nhiet-djo-gy906,0,"[{""$oid"":""6455d2d0e6a44f0b50166485""}]",Cảm Biến Nhiệt Độ GY906,2023-05-13T11:56:09.409Z
0,6455d563e6a44f0b50166531,,Zune,6455d18fe6a44f0b5016642c,[],2023-05-06T04:19:47.875Z,Điện áp hoạt động:  3.3 ~ 5.5 VDC Điện áp đầu ra:  0 ~ 3.0 VDC  Giao diện:  PH2.54-3P Kích thước:  98 x 23mm (LxW)  ,"[{""public_id"":""irb6j8lt2ikvunfbnvmw"",""url"":""https://res.cloudinary.com/dcqjrwaoi/image/upload/v1683346768/irb6j8lt2ikvunfbnvmw.jpg""}]",49000,[],Có,cam-bien-djo-am-djien-dung-djau-ra-analog-(-mau-djen-),1,"[{""$oid"":""6455d2d0e6a44f0b50166485""}]",Cảm Biến Độ Ẩm Điện Dung Đầu Ra Analog ( Màu Đen ),2023-05-06T13:59:45.679Z
0,6455d5eae6a44f0b5016654b,,"D'Hoon",6455d18fe6a44f0b5016642c,[],2023-05-06T04:22:02.419Z,Điện áp hoạt động: 5V – 10V Nhiệt độ hoạt động: -40ºC → 100ºC Dải đo độ ẩm: 1%RH – 99%RH,"[{""public_id"":""ays22jol2mnbdrqe1oaf"",""url"":""https://res.cloudinary.com/dcqjrwaoi/image/upload/v1683346873/ays22jol2mnbdrqe1oaf.jpg""}]",49000,[],Có,cam-bien-djo-am-hs1101,0,"[{""$oid"":""6455d2d0e6a44f0b50166485""}]",Cảm Biến Độ Ẩm HS1101,2023-05-06T04:22:02.419Z
0,6455d63ee6a44f0b50166557,,8yo,6455d1dae6a44f0b5016643b,[],2023-05-06T04:23:26.046Z,Model: LM7806 TO-220 Điện áp vào: Vin =15V Dòng điện: Io=100mA Nhiệt độ hoạt động: Ta=25 độ C Trọng lượng: 10g,"[{""public_id"":""yw2hegax2zuqwfnjvgia"",""url"":""https://res.cloudinary.com/dcqjrwaoi/image/upload/v1683346956/yw2hegax2zuqwfnjvgia.jpg""}]",2000,[],Có,ic-nguon-lm7806-to-220,0,"[{""$oid"":""6455d2a2e6a44f0b50166476""}]",IC Nguồn LM7806 TO-220,2023-05-06T04:23:26.046Z
0,6455d681e6a44f0b50166563,,Zune,6455d1dae6a44f0b5016643b,[],2023-05-06T04:24:33.718Z,Điện áp đầu vào: 30VDC Điện áp đầu ra: 6VDC  Dòng điện đầu ra: 500mA  Dòng điện cực đại: 700mA,"[{""public_id"":""hqpai2wp86gzeyztvix0"",""url"":""https://res.cloudinary.com/dcqjrwaoi/image/upload/v1683347049/hqpai2wp86gzeyztvix0.jpg""}]",3000,[],Có,78m06-1.5a-to-252,1,"[{""$oid"":""6455d2a2e6a44f0b50166476""}]",78M06 1.5A TO-252,2023-05-06T13:59:45.679Z
0,6455d6c5e6a44f0b50166571,,Casio,6455d1dae6a44f0b5016643b,"[{""_id"":{""$oid"":""6455d745e6a44f0b5016658c""},""comment"":""ok"",""postedBy"":""dtmhuong.19it2"",""postedAt"":{""$date"":""2023-05-06T04:27:49.946Z""}}]",2023-05-06T04:25:41.810Z,abc,"[{""public_id"":""sxsrczkukicleq8guj7c"",""url"":""https://res.cloudinary.com/dcqjrwaoi/image/upload/v1683347108/sxsrczkukicleq8guj7c.jpg""}]",6899,[],Có,ic-thoi-gian-thuc-ds1307,0,"[{""$oid"":""6455d2afe6a44f0b5016647b""}]",IC Thời Gian Thực DS1307,2023-05-06T04:27:49.950Z
0,645633fc20284c37803d47c0,,8yo,6455d1f4e6a44f0b50166440,"[{""_id"":{""$oid"":""64565f0a20284c37803d4939""},""comment"":""Sản phẩm ok\nSản phẩm ok"",""postedBy"":""maihuong99dang"",""postedAt"":{""$date"":""2023-05-06T14:07:06.130Z""}},{""_id"":{""$oid"":""64565f1f20284c37803d4943""},""comment"":""Giao nhanh, shipper thân thiện"",""postedBy"":""maihuong99dang"",""postedAt"":{""$date"":""2023-05-06T14:07:27.882Z""}}]",2023-05-06T11:03:24.356Z,Mã sản phẩm: PVN10144,"[{""public_id"":""lquwcud4xriblkysef6w"",""url"":""https://res.cloudinary.com/dcqjrwaoi/image/upload/v1683370992/lquwcud4xriblkysef6w.jpg""}]",549000,"[{""_id"":{""$oid"":""64565efa20284c37803d492f""},""star"":5,""postedBy"":{""$oid"":""6378f5b1787123264c602f40""}}]",Có,combo-bo-kit-hoc-tap-arduino-uno-r3-v3-co-ban,1,"[{""$oid"":""6455d26ee6a44f0b50166467""}]",Combo Bộ Kit Học Tập Arduino Uno R3 V3 Cơ Bản,2023-05-06T14:07:27.883Z
0,645634bf20284c37803d4807,,"D'Hoon",6455d1f4e6a44f0b50166440,[],2023-05-06T11:06:39.229Z,1,"[{""public_id"":""mkf0rcfers4ej27jhu98"",""url"":""https://res.cloudinary.com/dcqjrwaoi/image/upload/v1683371182/mkf0rcfers4ej27jhu98.jpg""}]",1,[],Không,1,0,"[{""$oid"":""6455d26ee6a44f0b50166467""}]",1,2023-05-06T11:06:39.229Z
0,6463ac123ae9611cd85835e7,,"D'Hoon",6455d18fe6a44f0b5016642c,[],2023-05-16T16:15:14.487Z,Chiều dài đầu dò :100 mm Thang nhiệt: 0-800 oC Dầu dò: Loại K Chiều dài: 1700mm,"[{""public_id"":""image"",""url"":""https://res.cloudinary.com/dcqjrwaoi/image/upload/v1684253656/vf6lkx0p4nafobwpfvdd.jpg""}]",12000,[],Có,cam-bien-nhiet-djo,0,"[{""$oid"":""6455d2c7e6a44f0b50166480""}]",Cảm biến nhiệt độ,2023-05-16T16:15:14.487Z
0,6463acae3ae9611cd85835f4,,Zune,6455d18fe6a44f0b5016642c,[],2023-05-16T16:17:50.797Z,Chiều dài đầu dò :100 mm Thang nhiệt: 0-800 oC Dầu dò: Loại K Chiều dài: 1700mm,"[{""public_id"":""image"",""url"":""https://res.cloudinary.com/dcqjrwaoi/image/upload/v1684253936/kyagndtjti4cldfwyhkf.jpg""}]",11000,[],Có,cam-bien-nhiet-djo-1,0,"[{""$oid"":""6455d2d0e6a44f0b50166485""}]",Cảm biến nhiệt độ 1,2023-05-16T16:18:59.004Z
0,6463ad1e3ae9611cd8583615,,Casio,6455d18fe6a44f0b5016642c,[],2023-05-16T16:19:42.653Z,Chiều dài đầu dò :100 mm Thang nhiệt: 0-800 oC Dầu dò: Loại K Chiều dài: 1700mm,"[{""public_id"":""image"",""url"":""https://res.cloudinary.com/dcqjrwaoi/image/upload/v1684253948/tmxi7reijzt4fsiyy9tn.jpg""}]",11000,[],Có,cam-bien-2,0,"[{""$oid"":""6455d2d0e6a44f0b50166485""}]",Cảm biến 2,2023-05-16T16:19:42.653Z
0,6463ad523ae9611cd858361a,Hàng Việt Nam,Patek Philippe,6455d18fe6a44f0b5016642c,[],2023-05-16T16:20:34.934Z,Chiều dài đầu dò :100 mm Thang nhiệt: 0-800 oC Dầu dò: Loại K Chiều dài: 1700mm,"[{""public_id"":""image"",""url"":""https://res.cloudinary.com/dcqjrwaoi/image/upload/v1684253992/akwbnabk0zfcn8y99ztb.jpg""}]",11000,[],Có,cam-bien-3,0,"[{""$oid"":""6455d2d0e6a44f0b50166485""}]",Cảm biến 3,2023-05-25T09:38:57.973Z
0,6463ad703ae9611cd858361f,Hàng nội địa Trung,Patek Philippe,6455d18fe6a44f0b5016642c,[],2023-05-16T16:21:04.078Z,Chiều dài đầu dò :100 mm Thang nhiệt: 0-800 oC Dầu dò: Loại K Chiều dài: 1700mm,"[{""public_id"":""image"",""url"":""https://res.cloudinary.com/dcqjrwaoi/image/upload/v1684254047/hjvtaokozf2nwlmxq8pz.jpg""}]",15000,[],Có,cam-bien-4,0,"[{""$oid"":""6455d2d0e6a44f0b50166485""}]",Cảm biến 4,2023-05-25T09:38:51.132Z
0,6463ae303ae9611cd8583629,Hàng nội địa Trung,"D'Hoon",6455d18fe6a44f0b5016642c,[],2023-05-16T16:24:16.586Z,Điệ áp:4.45~5.25VDC Dòng: 2mA (Max 5mA) Cảm biến: Polymer resistor Phạm vi hoạt động: 20-90% RH; Nhiệt độ 0 ~ 50 độC Sai số độ ẩm: + -5%RH Độ nhạy: 1%RH; Nhiệt độ: 1 độ C. Chu kỳ: + -1% RH; Nhiệt độ + -1 độ C Độ trễ: + -1% RH,"[{""public_id"":""image"",""url"":""https://res.cloudinary.com/dcqjrwaoi/image/upload/v1684254222/nohdoyfr2b6dzzesrans.jpg""}]",70000,[],Có,cam-bien-djo-am,0,"[{""$oid"":""6455d2d0e6a44f0b50166485""}]",Cảm biến độ ẩm,2023-05-25T09:38:44.636Z
0,6463ae7e3ae9611cd858363b,Hàng Việt Nam,"D'Hoon",6455d18fe6a44f0b5016642c,[],2023-05-16T16:25:34.957Z,Điệ áp:4.45~5.25VDC Dòng: 2mA (Max 5mA) Cảm biến: Polymer resistor Phạm vi hoạt động: 20-90% RH; Nhiệt độ 0 ~ 50 độC Sai số độ ẩm: + -5%RH Độ nhạy: 1%RH; Nhiệt độ: 1 độ C. Chu kỳ: + -1% RH; Nhiệt độ + -1 độ C Độ trễ: + -1% RH,"[{""public_id"":""image"",""url"":""https://res.cloudinary.com/dcqjrwaoi/image/upload/v1684254307/xvfsizqstrkambb9ahgb.jpg""}]",50000,[],Có,cam-bien-djo-am-2,0,"[{""$oid"":""6455d2d0e6a44f0b50166485""}]",Cảm biến độ ẩm 2,2023-05-25T09:38:38.505Z
0,6463ae873ae9611cd858363e,Hàng nội địa Trung,"D'Hoon",6455d18fe6a44f0b5016642c,[],2023-05-16T16:25:43.431Z,Điệ áp:4.45~5.25VDC Dòng: 2mA (Max 5mA) Cảm biến: Polymer resistor Phạm vi hoạt động: 20-90% RH; Nhiệt độ 0 ~ 50 độC Sai số độ ẩm: + -5%RH Độ nhạy: 1%RH; Nhiệt độ: 1 độ C. Chu kỳ: + -1% RH; Nhiệt độ + -1 độ C Độ trễ: + -1% RH,"[{""public_id"":""image"",""url"":""https://res.cloudinary.com/dcqjrwaoi/image/upload/v1684254307/xvfsizqstrkambb9ahgb.jpg""}]",50000,[],Có,cam-bien-djo-am-3,0,"[{""$oid"":""6455d2d0e6a44f0b50166485""}]",Cảm biến độ ẩm 3,2023-05-25T09:38:32.580Z
0,6463ae973ae9611cd8583643,Hàng Việt Nam,"D'Hoon",6455d18fe6a44f0b5016642c,[],2023-05-16T16:25:59.561Z,Điệ áp:4.45~5.25VDC Dòng: 2mA (Max 5mA) Cảm biến: Polymer resistor Phạm vi hoạt động: 20-90% RH; Nhiệt độ 0 ~ 50 độC Sai số độ ẩm: + -5%RH Độ nhạy: 1%RH; Nhiệt độ: 1 độ C. Chu kỳ: + -1% RH; Nhiệt độ + -1 độ C Độ trễ: + -1% RH,"[{""public_id"":""image"",""url"":""https://res.cloudinary.com/dcqjrwaoi/image/upload/v1684254355/tl4hcipghrqnfye8izha.jpg""}]",50000,[],Có,cam-bien-djo-am-4,0,"[{""$oid"":""6455d2d0e6a44f0b50166485""}]",Cảm biến độ ẩm 4,2023-05-25T09:38:22.887Z
0,6463aea83ae9611cd8583648,Hàng Việt Nam,"D'Hoon",6455d18fe6a44f0b5016642c,[],2023-05-16T16:26:16.939Z,Điệ áp:4.45~5.25VDC Dòng: 2mA (Max 5mA) Cảm biến: Polymer resistor Phạm vi hoạt động: 20-90% RH; Nhiệt độ 0 ~ 50 độC Sai số độ ẩm: + -5%RH Độ nhạy: 1%RH; Nhiệt độ: 1 độ C. Chu kỳ: + -1% RH; Nhiệt độ + -1 độ C Độ trễ: + -1% RH,"[{""public_id"":""image"",""url"":""https://res.cloudinary.com/dcqjrwaoi/image/upload/v1684254372/v53grwcjppdienqvirtx.jpg""}]",50000,[],Có,cam-bien-djo-am-5,0,"[{""$oid"":""6455d2d0e6a44f0b50166485""}]",Cảm biến độ ẩm 5,2023-05-25T09:38:13.971Z
0,6463aebb3ae9611cd858364d,Hàng nội địa Trung,"D'Hoon",6455d18fe6a44f0b5016642c,[],2023-05-16T16:26:35.932Z,Điệ áp:4.45~5.25VDC Dòng: 2mA (Max 5mA) Cảm biến: Polymer resistor Phạm vi hoạt động: 20-90% RH; Nhiệt độ 0 ~ 50 độC Sai số độ ẩm: + -5%RH Độ nhạy: 1%RH; Nhiệt độ: 1 độ C. Chu kỳ: + -1% RH; Nhiệt độ + -1 độ C Độ trễ: + -1% RH,"[{""public_id"":""image"",""url"":""https://res.cloudinary.com/dcqjrwaoi/image/upload/v1684254388/gptavqywy4lywjnyup4w.jpg""}]",50000,[],Có,cam-bien-djo-am-6,0,"[{""$oid"":""6455d2d0e6a44f0b50166485""}]",Cảm biến độ ẩm 6,2023-05-25T09:38:04.204Z
0,6463aecc3ae9611cd8583652,Hàng Việt Nam,"D'Hoon",6455d18fe6a44f0b5016642c,[],2023-05-16T16:26:52.091Z,Điệ áp:4.45~5.25VDC Dòng: 2mA (Max 5mA) Cảm biến: Polymer resistor Phạm vi hoạt động: 20-90% RH; Nhiệt độ 0 ~ 50 độC Sai số độ ẩm: + -5%RH Độ nhạy: 1%RH; Nhiệt độ: 1 độ C. Chu kỳ: + -1% RH; Nhiệt độ + -1 độ C Độ trễ: + -1% RH,"[{""public_id"":""image"",""url"":""https://res.cloudinary.com/dcqjrwaoi/image/upload/v1684254407/obfms2mrwefrhwelkbw0.jpg""}]",50000,[],Có,cam-bien-djo-am-7,0,"[{""$oid"":""6455d2d0e6a44f0b50166485""}]",Cảm biến độ ẩm 7,2023-05-25T09:37:55.448Z
0,6463aed83ae9611cd8583657,Hàng Việt Nam,"D'Hoon",6455d18fe6a44f0b5016642c,[],2023-05-16T16:27:04.698Z,Điệ áp:4.45~5.25VDC Dòng: 2mA (Max 5mA) Cảm biến: Polymer resistor Phạm vi hoạt động: 20-90% RH; Nhiệt độ 0 ~ 50 độC Sai số độ ẩm: + -5%RH Độ nhạy: 1%RH; Nhiệt độ: 1 độ C. Chu kỳ: + -1% RH; Nhiệt độ + -1 độ C Độ trễ: + -1% RH,"[{""public_id"":""image"",""url"":""https://res.cloudinary.com/dcqjrwaoi/image/upload/v1684254421/nn8zo1w0rjvi52qh7hto.jpg""}]",50000,[],Có,cam-bien-djo-am-8,0,"[{""$oid"":""6455d2d0e6a44f0b50166485""}]",Cảm biến độ ẩm 8,2023-05-25T09:37:45.558Z
0,6463af693ae9611cd858365d,Hàng nội địa Trung,Zune,6455d1c8e6a44f0b50166436,[],2023-05-16T16:29:29.553Z,Điệ áp:4.45~5.25VDC Dòng: 2mA (Max 5mA) Cảm biến: Polymer resistor Phạm vi hoạt động: 20-90% RH; Nhiệt độ 0 ~ 50 độC Sai số độ ẩm: + -5%RH Độ nhạy: 1%RH; Nhiệt độ: 1 độ C. Chu kỳ: + -1% RH; Nhiệt độ + -1 độ C Độ trễ: + -1% RH,"[{""public_id"":""image"",""url"":""https://res.cloudinary.com/dcqjrwaoi/image/upload/v1684254537/so67p9zv2gnh33xlcygx.jpg""}]",70000,[],Có,module-ung-dung-1,0,[],Module ứng dụng 1,2023-05-25T09:37:35.136Z
0,6463af833ae9611cd8583662,Hàng Việt Nam,8yo,6455d1c8e6a44f0b50166436,[],2023-05-16T16:29:55.091Z,Điệ áp:4.45~5.25VDC Dòng: 2mA (Max 5mA) Cảm biến: Polymer resistor Phạm vi hoạt động: 20-90% RH; Nhiệt độ 0 ~ 50 độC Sai số độ ẩm: + -5%RH Độ nhạy: 1%RH; Nhiệt độ: 1 độ C. Chu kỳ: + -1% RH; Nhiệt độ + -1 độ C Độ trễ: + -1% RH,"[{""public_id"":""image"",""url"":""https://res.cloudinary.com/dcqjrwaoi/image/upload/v1684254583/te0so9gv5yl5aanaxote.jpg""}]",71000,[],Có,module-ung-dung-2,0,[],Module ứng dụng 2,2023-05-25T09:37:25.625Z
0,6463af933ae9611cd8583667,Hàng Việt Nam,8yo,6455d1c8e6a44f0b50166436,[],2023-05-16T16:30:11.761Z,Điệ áp:4.45~5.25VDC Dòng: 2mA (Max 5mA) Cảm biến: Polymer resistor Phạm vi hoạt động: 20-90% RH; Nhiệt độ 0 ~ 50 độC Sai số độ ẩm: + -5%RH Độ nhạy: 1%RH; Nhiệt độ: 1 độ C. Chu kỳ: + -1% RH; Nhiệt độ + -1 độ C Độ trễ: + -1% RH,"[{""public_id"":""image"",""url"":""https://res.cloudinary.com/dcqjrwaoi/image/upload/v1684254607/cejrl2fi1eo19eilyyxt.jpg""}]",71000,[],Có,module-ung-dung-3,0,[],Module ứng dụng 3,2023-05-25T09:37:14.947Z
0,6463afa53ae9611cd858366c,Hàng nội địa Trung,8yo,6455d1c8e6a44f0b50166436,[],2023-05-16T16:30:29.508Z,Điệ áp:4.45~5.25VDC Dòng: 2mA (Max 5mA) Cảm biến: Polymer resistor Phạm vi hoạt động: 20-90% RH; Nhiệt độ 0 ~ 50 độC Sai số độ ẩm: + -5%RH Độ nhạy: 1%RH; Nhiệt độ: 1 độ C. Chu kỳ: + -1% RH; Nhiệt độ + -1 độ C Độ trễ: + -1% RH,"[{""public_id"":""image"",""url"":""https://res.cloudinary.com/dcqjrwaoi/image/upload/v1684254626/f7jltod22kexsbhsjs2a.jpg""}]",71000,[],Có,module-ung-dung-4,0,[],Module ứng dụng 4,2023-05-25T09:37:07.723Z
0,6463afba3ae9611cd8583671,Hàng Việt Nam,Casio,6455d1c8e6a44f0b50166436,[],2023-05-16T16:30:50.960Z,Điệ áp:4.45~5.25VDC Dòng: 2mA (Max 5mA) Cảm biến: Polymer resistor Phạm vi hoạt động: 20-90% RH; Nhiệt độ 0 ~ 50 độC Sai số độ ẩm: + -5%RH Độ nhạy: 1%RH; Nhiệt độ: 1 độ C. Chu kỳ: + -1% RH; Nhiệt độ + -1 độ C Độ trễ: + -1% RH,"[{""public_id"":""image"",""url"":""https://res.cloudinary.com/dcqjrwaoi/image/upload/v1684254640/c7su7ghpjmvwp5wmfrpy.jpg""}]",77000,[],Có,module-ung-dung-5,0,[],Module ứng dụng 5,2023-05-25T09:36:58.180Z
0,6463afca3ae9611cd8583676,Hàng nội địa Trung,Casio,6455d1c8e6a44f0b50166436,[],2023-05-16T16:31:06.158Z,Điệ áp:4.45~5.25VDC Dòng: 2mA (Max 5mA) Cảm biến: Polymer resistor Phạm vi hoạt động: 20-90% RH; Nhiệt độ 0 ~ 50 độC Sai số độ ẩm: + -5%RH Độ nhạy: 1%RH; Nhiệt độ: 1 độ C. Chu kỳ: + -1% RH; Nhiệt độ + -1 độ C Độ trễ: + -1% RH,"[{""public_id"":""image"",""url"":""https://res.cloudinary.com/dcqjrwaoi/image/upload/v1684254661/tfycjwijvaxajyvdskvx.jpg""}]",77000,[],Có,module-ung-dung-6,0,[],Module ứng dụng 6,2023-05-25T09:36:50.070Z
0,6463b0013ae9611cd858367f,Hàng Việt Nam,Casio,6455d1c8e6a44f0b50166436,[],2023-05-16T16:32:01.220Z,Điệ áp:4.45~5.25VDC Dòng: 2mA (Max 5mA) Cảm biến: Polymer resistor Phạm vi hoạt động: 20-90% RH; Nhiệt độ 0 ~ 50 độC Sai số độ ẩm: + -5%RH Độ nhạy: 1%RH; Nhiệt độ: 1 độ C. Chu kỳ: + -1% RH; Nhiệt độ + -1 độ C Độ trễ: + -1% RH,"[{""public_id"":""ypc33xs2k4l7mq8zq7gp"",""url"":""https://res.cloudinary.com/dcqjrwaoi/image/upload/v1685007392/ypc33xs2k4l7mq8zq7gp.jpg""}]",77000,[],Có,module-ung-dung-7,0,[],Module ứng dụng 7,2023-05-25T09:36:36.838Z
0,6463b0143ae9611cd8583686,Hàng Việt Nam,Casio,6455d1c8e6a44f0b50166436,[],2023-05-16T16:32:20.507Z,Điệ áp:4.45~5.25VDC Dòng: 2mA (Max 5mA) Cảm biến: Polymer resistor Phạm vi hoạt động: 20-90% RH; Nhiệt độ 0 ~ 50 độC Sai số độ ẩm: + -5%RH Độ nhạy: 1%RH; Nhiệt độ: 1 độ C. Chu kỳ: + -1% RH; Nhiệt độ + -1 độ C Độ trễ: + -1% RH,"[{""public_id"":""image"",""url"":""https://res.cloudinary.com/dcqjrwaoi/image/upload/v1684254732/qgle1brpq60iqemelj0j.jpg""}]",77000,[],Có,module-ung-dung-8,0,[],Module ứng dụng 8,2023-05-25T09:36:11.360Z
0,6463b0273ae9611cd858368b,Hàng nội địa Trung,Casio,6455d1c8e6a44f0b50166436,[],2023-05-16T16:32:39.433Z,Điệ áp:4.45~5.25VDC Dòng: 2mA (Max 5mA) Cảm biến: Polymer resistor Phạm vi hoạt động: 20-90% RH; Nhiệt độ 0 ~ 50 độC Sai số độ ẩm: + -5%RH Độ nhạy: 1%RH; Nhiệt độ: 1 độ C. Chu kỳ: + -1% RH; Nhiệt độ + -1 độ C Độ trễ: + -1% RH,"[{""public_id"":""image"",""url"":""https://res.cloudinary.com/dcqjrwaoi/image/upload/v1684254752/s5buohfq2uszykmaeykt.jpg""}]",77000,[],Có,module-ung-dung-9,0,[],Module ứng dụng 9,2023-05-25T09:36:03.811Z
0,6463b0343ae9611cd8583690,Hàng Việt Nam,Casio,6455d1c8e6a44f0b50166436,[],2023-05-16T16:32:52.867Z,Điệ áp:4.45~5.25VDC Dòng: 2mA (Max 5mA) Cảm biến: Polymer resistor Phạm vi hoạt động: 20-90% RH; Nhiệt độ 0 ~ 50 độC Sai số độ ẩm: + -5%RH Độ nhạy: 1%RH; Nhiệt độ: 1 độ C. Chu kỳ: + -1% RH; Nhiệt độ + -1 độ C Độ trễ: + -1% RH,"[{""public_id"":""image"",""url"":""https://res.cloudinary.com/dcqjrwaoi/image/upload/v1684254769/ef0x68yibopasi5tu0l9.jpg""}]",77000,[],Có,module-ung-dung-10,0,[],Module ứng dụng 10,2023-05-25T09:35:53.666Z
0,6463b0413ae9611cd8583695,Hàng Việt Nam,Casio,6455d1c8e6a44f0b50166436,[],2023-05-16T16:33:05.322Z,Điệ áp:4.45~5.25VDC Dòng: 2mA (Max 5mA) Cảm biến: Polymer resistor Phạm vi hoạt động: 20-90% RH; Nhiệt độ 0 ~ 50 độC Sai số độ ẩm: + -5%RH Độ nhạy: 1%RH; Nhiệt độ: 1 độ C. Chu kỳ: + -1% RH; Nhiệt độ + -1 độ C Độ trễ: + -1% RH,"[{""public_id"":""image"",""url"":""https://res.cloudinary.com/dcqjrwaoi/image/upload/v1684254782/zxnhv1muilahws5haxgz.jpg""}]",77000,[],Có,module-ung-dung-11,0,[],Module ứng dụng 11,2023-05-25T09:35:37.198Z
0,6463b2403ae9611cd858369b,Hàng nội địa Trung,Casio,6455d1dae6a44f0b5016643b,[],2023-05-16T16:41:36.078Z,Điệ áp:4.45~5.25VDC Dòng: 2mA (Max 5mA) Cảm biến: Polymer resistor Phạm vi hoạt động: 20-90% RH; Nhiệt độ 0 ~ 50 độC Sai số độ ẩm: + -5%RH Độ nhạy: 1%RH; Nhiệt độ: 1 độ C. Chu kỳ: + -1% RH; Nhiệt độ + -1 độ C Độ trễ: + -1% RH,"[{""public_id"":""image"",""url"":""https://res.cloudinary.com/dcqjrwaoi/image/upload/v1684255275/ji5hdvhk8m0zemnphm2m.jpg""}]",57000,[],Có,ic-nguon-1,0,"[{""$oid"":""6455d2a2e6a44f0b50166476""}]",IC nguồn 1,2023-05-25T09:35:23.881Z
0,6463b2523ae9611cd85836a0,Hàng Việt Nam,Casio,6455d1dae6a44f0b5016643b,[],2023-05-16T16:41:54.067Z,Điệ áp:4.45~5.25VDC Dòng: 2mA (Max 5mA) Cảm biến: Polymer resistor Phạm vi hoạt động: 20-90% RH; Nhiệt độ 0 ~ 50 độC Sai số độ ẩm: + -5%RH Độ nhạy: 1%RH; Nhiệt độ: 1 độ C. Chu kỳ: + -1% RH; Nhiệt độ + -1 độ C Độ trễ: + -1% RH,"[{""public_id"":""image"",""url"":""https://res.cloudinary.com/dcqjrwaoi/image/upload/v1684255309/hbdjgvydjywzxmwtogt9.jpg""}]",57000,[],Có,ic-nguon-2,0,"[{""$oid"":""6455d2a2e6a44f0b50166476""}]",IC nguồn 2,2023-05-25T09:35:12.416Z
0,6463b25f3ae9611cd85836a5,Hàng nội địa Trung,Casio,6455d1dae6a44f0b5016643b,[],2023-05-16T16:42:07.996Z,Điệ áp:4.45~5.25VDC Dòng: 2mA (Max 5mA) Cảm biến: Polymer resistor Phạm vi hoạt động: 20-90% RH; Nhiệt độ 0 ~ 50 độC Sai số độ ẩm: + -5%RH Độ nhạy: 1%RH; Nhiệt độ: 1 độ C. Chu kỳ: + -1% RH; Nhiệt độ + -1 độ C Độ trễ: + -1% RH,"[{""public_id"":""image"",""url"":""https://res.cloudinary.com/dcqjrwaoi/image/upload/v1684255323/uzdbnq3lyoquwbhgx7sv.jpg""}]",57000,[],Có,ic-nguon-3,0,"[{""$oid"":""6455d2a2e6a44f0b50166476""}]",IC nguồn 3,2023-05-25T09:35:00.340Z
0,6463b27f3ae9611cd85836a9,Hàng nội địa Trung,Casio,6455d1dae6a44f0b5016643b,[],2023-05-16T16:42:39.711Z,Điệ áp:4.45~5.25VDC Dòng: 2mA (Max 5mA) Cảm biến: Polymer resistor Phạm vi hoạt động: 20-90% RH; Nhiệt độ 0 ~ 50 độC Sai số độ ẩm: + -5%RH Độ nhạy: 1%RH; Nhiệt độ: 1 độ C. Chu kỳ: + -1% RH; Nhiệt độ + -1 độ C Độ trễ: + -1% RH,"[{""public_id"":""vjfkrwiqoktlivvnyshx"",""url"":""https://res.cloudinary.com/dcqjrwaoi/image/upload/v1685007281/vjfkrwiqoktlivvnyshx.jpg""}]",22002,[],Có,ic-nguon-4,0,"[{""$oid"":""6455d2a2e6a44f0b50166476""}]",IC nguồn 4,2023-05-25T09:34:46.128Z
0,6463b28d3ae9611cd85836ad,Hàng Việt Nam,Casio,6455d1dae6a44f0b5016643b,[],2023-05-16T16:42:53.107Z,Điệ áp:4.45~5.25VDC Dòng: 2mA (Max 5mA) Cảm biến: Polymer resistor Phạm vi hoạt động: 20-90% RH; Nhiệt độ 0 ~ 50 độC Sai số độ ẩm: + -5%RH Độ nhạy: 1%RH; Nhiệt độ: 1 độ C. Chu kỳ: + -1% RH; Nhiệt độ + -1 độ C Độ trễ: + -1% RH,"[{""public_id"":""image"",""url"":""https://res.cloudinary.com/dcqjrwaoi/image/upload/v1684255369/jcwfrwwfbf1azwck7xku.jpg""}]",22002,[],Có,ic-nguon-5,0,"[{""$oid"":""6455d2a2e6a44f0b50166476""}]",IC nguồn 5,2023-05-25T09:34:20.896Z
0,6463b29a3ae9611cd85836b2,Hàng Việt Nam,Casio,6455d1dae6a44f0b5016643b,[],2023-05-16T16:43:06.441Z,Điệ áp:4.45~5.25VDC Dòng: 2mA (Max 5mA) Cảm biến: Polymer resistor Phạm vi hoạt động: 20-90% RH; Nhiệt độ 0 ~ 50 độC Sai số độ ẩm: + -5%RH Độ nhạy: 1%RH; Nhiệt độ: 1 độ C. Chu kỳ: + -1% RH; Nhiệt độ + -1 độ C Độ trễ: + -1% RH,"[{""public_id"":""image"",""url"":""https://res.cloudinary.com/dcqjrwaoi/image/upload/v1684255383/dvou42ilyazqge7tjqwi.jpg""}]",22002,[],Có,ic-nguon-6,0,"[{""$oid"":""6455d2a2e6a44f0b50166476""}]",IC nguồn 6,2023-05-25T09:34:13.330Z
0,6463b2b53ae9611cd85836b7,Hàng Việt Nam,Casio,6455d1dae6a44f0b5016643b,[],2023-05-16T16:43:33.572Z,Điệ áp:4.45~5.25VDC Dòng: 2mA (Max 5mA) Cảm biến: Polymer resistor Phạm vi hoạt động: 20-90% RH; Nhiệt độ 0 ~ 50 độC Sai số độ ẩm: + -5%RH Độ nhạy: 1%RH; Nhiệt độ: 1 độ C. Chu kỳ: + -1% RH; Nhiệt độ + -1 độ C Độ trễ: + -1% RH,"[{""public_id"":""image"",""url"":""https://res.cloudinary.com/dcqjrwaoi/image/upload/v1684255409/qlpicxexiljbch0jmiqu.jpg""}]",22002,[],Có,ic-nguon-7,0,"[{""$oid"":""6455d2a2e6a44f0b50166476""}]",IC nguồn 7,2023-05-25T09:34:05.137Z
0,6463b2c33ae9611cd85836bc,Hàng Việt Nam,Casio,6455d1dae6a44f0b5016643b,[],2023-05-16T16:43:47.454Z,Điệ áp:4.45~5.25VDC Dòng: 2mA (Max 5mA) Cảm biến: Polymer resistor Phạm vi hoạt động: 20-90% RH; Nhiệt độ 0 ~ 50 độC Sai số độ ẩm: + -5%RH Độ nhạy: 1%RH; Nhiệt độ: 1 độ C. Chu kỳ: + -1% RH; Nhiệt độ + -1 độ C Độ trễ: + -1% RH,"[{""public_id"":""image"",""url"":""https://res.cloudinary.com/dcqjrwaoi/image/upload/v1684255424/ovqp7qs48w2papq4jesh.jpg""}]",22002,[],Có,ic-nguon-78,0,"[{""$oid"":""6455d2a2e6a44f0b50166476""}]",IC nguồn 78,2023-05-25T09:33:56.916Z
0,6463b2ce3ae9611cd85836c1,Hàng nội địa Trung,Casio,6455d1dae6a44f0b5016643b,[],2023-05-16T16:43:58.083Z,Điệ áp:4.45~5.25VDC Dòng: 2mA (Max 5mA) Cảm biến: Polymer resistor Phạm vi hoạt động: 20-90% RH; Nhiệt độ 0 ~ 50 độC Sai số độ ẩm: + -5%RH Độ nhạy: 1%RH; Nhiệt độ: 1 độ C. Chu kỳ: + -1% RH; Nhiệt độ + -1 độ C Độ trễ: + -1% RH,"[{""public_id"":""image"",""url"":""https://res.cloudinary.com/dcqjrwaoi/image/upload/v1684255435/tgqibspkr2rdzlyfyl3h.jpg""}]",22002,[],Có,ic-nguon-11,0,"[{""$oid"":""6455d2a2e6a44f0b50166476""}]",IC nguồn 11,2023-05-25T09:33:47.514Z
0,6463b2dd3ae9611cd85836c6,Hàng nội địa Trung,Casio,6455d1dae6a44f0b5016643b,[],2023-05-16T16:44:13.267Z,Điệ áp:4.45~5.25VDC Dòng: 2mA (Max 5mA) Cảm biến: Polymer resistor Phạm vi hoạt động: 20-90% RH; Nhiệt độ 0 ~ 50 độC Sai số độ ẩm: + -5%RH Độ nhạy: 1%RH; Nhiệt độ: 1 độ C. Chu kỳ: + -1% RH; Nhiệt độ + -1 độ C Độ trễ: + -1% RH,"[{""public_id"":""image"",""url"":""https://res.cloudinary.com/dcqjrwaoi/image/upload/v1684255450/v7mxvqni3f1hd2n9extv.jpg""}]",22002,[],Có,ic-nguon-112,0,"[{""$oid"":""6455d2a2e6a44f0b50166476""}]",IC nguồn 112,2023-05-25T09:33:33.274Z
0,6463b2ee3ae9611cd85836cb,Hàng Việt Nam,Casio,6455d1dae6a44f0b5016643b,[],2023-05-16T16:44:30.109Z,Điệ áp:4.45~5.25VDC Dòng: 2mA (Max 5mA) Cảm biến: Polymer resistor Phạm vi hoạt động: 20-90% RH; Nhiệt độ 0 ~ 50 độC Sai số độ ẩm: + -5%RH Độ nhạy: 1%RH; Nhiệt độ: 1 độ C. Chu kỳ: + -1% RH; Nhiệt độ + -1 độ C Độ trễ: + -1% RH,"[{""public_id"":""image"",""url"":""https://res.cloudinary.com/dcqjrwaoi/image/upload/v1684255465/jgh37xnz29qteegrqxfw.jpg""}]",22002,[],Có,ic-nguon-13,0,"[{""$oid"":""6455d2a2e6a44f0b50166476""}]",IC nguồn 13,2023-05-25T09:33:24.207Z
0,6463b2fb3ae9611cd85836d0,Hàng nội địa Trung,Casio,6455d1dae6a44f0b5016643b,[],2023-05-16T16:44:43.208Z,Điệ áp:4.45~5.25VDC Dòng: 2mA (Max 5mA) Cảm biến: Polymer resistor Phạm vi hoạt động: 20-90% RH; Nhiệt độ 0 ~ 50 độC Sai số độ ẩm: + -5%RH Độ nhạy: 1%RH; Nhiệt độ: 1 độ C. Chu kỳ: + -1% RH; Nhiệt độ + -1 độ C Độ trễ: + -1% RH,"[{""public_id"":""image"",""url"":""https://res.cloudinary.com/dcqjrwaoi/image/upload/v1684255480/qzxgc3ilyfdbky1ur4zl.jpg""}]",22002,[],Có,ic-nguon-14,0,"[{""$oid"":""6455d2a2e6a44f0b50166476""}]",IC nguồn 14,2023-05-25T09:33:10.735Z
0,6463b3093ae9611cd85836d5,Hàng Việt Nam,Casio,6455d1dae6a44f0b5016643b,[],2023-05-16T16:44:57.810Z,Điệ áp:4.45~5.25VDC Dòng: 2mA (Max 5mA) Cảm biến: Polymer resistor Phạm vi hoạt động: 20-90% RH; Nhiệt độ 0 ~ 50 độC Sai số độ ẩm: + -5%RH Độ nhạy: 1%RH; Nhiệt độ: 1 độ C. Chu kỳ: + -1% RH; Nhiệt độ + -1 độ C Độ trễ: + -1% RH,"[{""public_id"":""image"",""url"":""https://res.cloudinary.com/dcqjrwaoi/image/upload/v1684255494/pakipnmjtzg4ewahmyff.jpg""}]",22002,[],Có,ic-nguon-15,0,"[{""$oid"":""6455d2a2e6a44f0b50166476""}]",IC nguồn 15,2023-05-25T09:33:01.577Z
0,6463b31b3ae9611cd85836dd,Hàng nội địa Trung,Casio,6455d1dae6a44f0b5016643b,[],2023-05-16T16:45:15.531Z,Điệ áp:4.45~5.25VDC Dòng: 2mA (Max 5mA) Cảm biến: Polymer resistor Phạm vi hoạt động: 20-90% RH; Nhiệt độ 0 ~ 50 độC Sai số độ ẩm: + -5%RH Độ nhạy: 1%RH; Nhiệt độ: 1 độ C. Chu kỳ: + -1% RH; Nhiệt độ + -1 độ C Độ trễ: + -1% RH,"[{""public_id"":""image"",""url"":""https://res.cloudinary.com/dcqjrwaoi/image/upload/v1684255508/mkhnusyeq4hqrbvvfzyp.jpg""}]",22002,[],Có,ic-nguon-16,0,"[{""$oid"":""6455d2a2e6a44f0b50166476""}]",IC nguồn 16,2023-05-25T09:32:46.961Z
0,6463b3293ae9611cd85836e2,Hàng Việt Nam,Casio,6455d1dae6a44f0b5016643b,[],2023-05-16T16:45:29.238Z,Điệ áp:4.45~5.25VDC Dòng: 2mA (Max 5mA) Cảm biến: Polymer resistor Phạm vi hoạt động: 20-90% RH; Nhiệt độ 0 ~ 50 độC Sai số độ ẩm: + -5%RH Độ nhạy: 1%RH; Nhiệt độ: 1 độ C. Chu kỳ: + -1% RH; Nhiệt độ + -1 độ C Độ trễ: + -1% RH,"[{""public_id"":""image"",""url"":""https://res.cloudinary.com/dcqjrwaoi/image/upload/v1684255525/rgc19g02e7rh9e9izz4u.jpg""}]",22002,[],Có,ic-nguon-17,0,"[{""$oid"":""6455d2a2e6a44f0b50166476""}]",IC nguồn 17,2023-05-25T09:32:37.207Z
0,6463b33d3ae9611cd85836e7,Hàng nội địa Trung,Casio,6455d1dae6a44f0b5016643b,[],2023-05-16T16:45:49.048Z,Điệ áp:4.45~5.25VDC Dòng: 2mA (Max 5mA) Cảm biến: Polymer resistor Phạm vi hoạt động: 20-90% RH; Nhiệt độ 0 ~ 50 độC Sai số độ ẩm: + -5%RH Độ nhạy: 1%RH; Nhiệt độ: 1 độ C. Chu kỳ: + -1% RH; Nhiệt độ + -1 độ C Độ trễ: + -1% RH,"[{""public_id"":""image"",""url"":""https://res.cloudinary.com/dcqjrwaoi/image/upload/v1684255541/ycfuojbaoespysx254kp.jpg""}]",22002,[],Có,ic-nguon-18,0,"[{""$oid"":""6455d2a2e6a44f0b50166476""}]",IC nguồn 18,2023-05-25T09:32:29.063Z
0,6463b34a3ae9611cd85836ec,Hàng Việt Nam,Casio,6455d1dae6a44f0b5016643b,[],2023-05-16T16:46:02.683Z,Điệ áp:4.45~5.25VDC Dòng: 2mA (Max 5mA) Cảm biến: Polymer resistor Phạm vi hoạt động: 20-90% RH; Nhiệt độ 0 ~ 50 độC Sai số độ ẩm: + -5%RH Độ nhạy: 1%RH; Nhiệt độ: 1 độ C. Chu kỳ: + -1% RH; Nhiệt độ + -1 độ C Độ trễ: + -1% RH,"[{""public_id"":""image"",""url"":""https://res.cloudinary.com/dcqjrwaoi/image/upload/v1684255559/m6yevk2wn3dk4aoekzpx.jpg""}]",22002,[],Có,ic-nguon-19,0,"[{""$oid"":""6455d2a2e6a44f0b50166476""}]",IC nguồn 19,2023-05-25T09:32:18.654Z
0,6463b35b3ae9611cd85836f1,Hàng nội địa Trung,Casio,6455d1dae6a44f0b5016643b,[],2023-05-16T16:46:19.761Z,Điệ áp:4.45~5.25VDC Dòng: 2mA (Max 5mA) Cảm biến: Polymer resistor Phạm vi hoạt động: 20-90% RH; Nhiệt độ 0 ~ 50 độC Sai số độ ẩm: + -5%RH Độ nhạy: 1%RH; Nhiệt độ: 1 độ C. Chu kỳ: + -1% RH; Nhiệt độ + -1 độ C Độ trễ: + -1% RH,"[{""public_id"":""image"",""url"":""https://res.cloudinary.com/dcqjrwaoi/image/upload/v1684255573/zimzv4fnmglbaaipgml1.jpg""}]",22002,[],Có,ic-nguon-20,0,"[{""$oid"":""6455d2a2e6a44f0b50166476""}]",IC nguồn 20,2023-05-25T09:31:55.520Z
0,6463b3683ae9611cd85836f6,Hàng nội địa Trung,Casio,6455d1dae6a44f0b5016643b,[],2023-05-16T16:46:32.195Z,Điệ áp:4.45~5.25VDC Dòng: 2mA (Max 5mA) Cảm biến: Polymer resistor Phạm vi hoạt động: 20-90% RH; Nhiệt độ 0 ~ 50 độC Sai số độ ẩm: + -5%RH Độ nhạy: 1%RH; Nhiệt độ: 1 độ C. Chu kỳ: + -1% RH; Nhiệt độ + -1 độ C Độ trễ: + -1% RH,"[{""public_id"":""image"",""url"":""https://res.cloudinary.com/dcqjrwaoi/image/upload/v1684255589/pbzhlvhwh2jv6wgdoq6z.jpg""}]",22002,[],Có,ic-nguon-21,0,"[{""$oid"":""6455d2a2e6a44f0b50166476""}]",IC nguồn 21,2023-05-25T09:31:47.365Z
0,6463b3773ae9611cd85836fb,Hàng Việt Nam,Casio,6455d1dae6a44f0b5016643b,[],2023-05-16T16:46:47.424Z,Điệ áp:4.45~5.25VDC Dòng: 2mA (Max 5mA) Cảm biến: Polymer resistor Phạm vi hoạt động: 20-90% RH; Nhiệt độ 0 ~ 50 độC Sai số độ ẩm: + -5%RH Độ nhạy: 1%RH; Nhiệt độ: 1 độ C. Chu kỳ: + -1% RH; Nhiệt độ + -1 độ C Độ trễ: + -1% RH,"[{""public_id"":""image"",""url"":""https://res.cloudinary.com/dcqjrwaoi/image/upload/v1684255604/vuovts2k0nbhsumx1d3a.jpg""}]",22002,[],Có,ic-nguon-22,0,"[{""$oid"":""6455d2a2e6a44f0b50166476""}]",IC nguồn 22,2023-05-25T09:31:35.823Z
0,6464740f4d819812c4e40170,Hàng nội địa Trung,Casio,6455d1dae6a44f0b5016643b,[],2023-05-17T06:28:31.566Z,Tags: sendo,"[{""public_id"":""image"",""url"":""https://res.cloudinary.com/dcqjrwaoi/image/upload/v1684304858/utrpb5tuimblkgbrxsn3.jpg""}]",45000,[],Có,ic-real-time-1,0,"[{""$oid"":""6455d2afe6a44f0b5016647b""}]",IC real time 1,2023-05-25T09:31:27.115Z
0,646474214d819812c4e40175,Hàng nội địa Trung,Casio,6455d1dae6a44f0b5016643b,[],2023-05-17T06:28:49.605Z,Tags: sendo,"[{""public_id"":""image"",""url"":""https://res.cloudinary.com/dcqjrwaoi/image/upload/v1684304926/oh5otxflxjxe2kqc8xgk.jpg""}]",45000,[],Có,ic-real-time-2,0,"[{""$oid"":""6455d2afe6a44f0b5016647b""}]",IC real time 2,2023-05-25T09:30:53.839Z
0,646474314d819812c4e4017a,Hàng nội địa Trung,Casio,6455d1dae6a44f0b5016643b,[],2023-05-17T06:29:05.059Z,Tags: sendo,"[{""public_id"":""image"",""url"":""https://res.cloudinary.com/dcqjrwaoi/image/upload/v1684304940/lpzwqnh94uk3hlhvxpi6.jpg""}]",45000,[],Có,ic-real-time-3,0,"[{""$oid"":""6455d2afe6a44f0b5016647b""}]",IC real time 3,2023-05-25T09:30:43.427Z
0,6464743e4d819812c4e4017f,Hàng Việt Nam,Casio,6455d1dae6a44f0b5016643b,[],2023-05-17T06:29:18.541Z,Tags: sendo,"[{""public_id"":""image"",""url"":""https://res.cloudinary.com/dcqjrwaoi/image/upload/v1684304955/hsx1qc5dwifzwxtbgkee.jpg""}]",45000,[],Có,ic-real-time-4,0,"[{""$oid"":""6455d2afe6a44f0b5016647b""}]",IC real time 4,2023-05-25T09:30:32.545Z
0,6464761e4d819812c4e40185,Hàng Việt Nam,Casio,6455d1f4e6a44f0b50166440,[],2023-05-17T06:37:18.377Z,Tags: sendo,"[{""public_id"":""image"",""url"":""https://res.cloudinary.com/dcqjrwaoi/image/upload/v1684305434/bw41j2rrigmtu94c7t8c.jpg""}]",45000,[],Có,arduino-kit,0,"[{""$oid"":""6455d26ee6a44f0b50166467""}]",Arduino Kit,2023-05-25T09:30:20.080Z
0,6464763e4d819812c4e4018a,Hàng Việt Nam,Casio,6455d1f4e6a44f0b50166440,[],2023-05-17T06:37:50.449Z,Tags: sendo,"[{""public_id"":""image"",""url"":""https://res.cloudinary.com/dcqjrwaoi/image/upload/v1684305462/jlpr9ytq5wu2ebbjrl55.jpg""}]",45000,[],Có,arduino-kit-1,0,"[{""$oid"":""6455d26ee6a44f0b50166467""}]",Arduino Kit 1,2023-05-25T09:30:11.439Z
0,646476574d819812c4e4018f,Hàng Việt Nam,Casio,6455d1f4e6a44f0b50166440,[],2023-05-17T06:38:15.137Z,Tags: sendo,"[{""public_id"":""image"",""url"":""https://res.cloudinary.com/dcqjrwaoi/image/upload/v1684305484/nrfr5yhflu0ffwlhere9.jpg""}]",145000,[],Có,arduino-kit-2,0,"[{""$oid"":""6455d26ee6a44f0b50166467""}]",Arduino Kit 2,2023-05-25T09:30:04.133Z
0,646476654d819812c4e40194,Hàng Việt Nam,Casio,6455d1f4e6a44f0b50166440,[],2023-05-17T06:38:29.825Z,Tags: sendo,"[{""public_id"":""image"",""url"":""https://res.cloudinary.com/dcqjrwaoi/image/upload/v1684305505/teyp3gcai1hft0ggmwcm.jpg""}]",145000,[],Có,arduino-kit-3,0,"[{""$oid"":""6455d26ee6a44f0b50166467""}]",Arduino Kit 3,2023-05-25T09:29:52.714Z
0,6464767b4d819812c4e40199,Hàng Việt Nam,Zune,6455d1f4e6a44f0b50166440,[],2023-05-17T06:38:51.953Z,Tags: sendo,"[{""public_id"":""image"",""url"":""https://res.cloudinary.com/dcqjrwaoi/image/upload/v1684305520/v3b1im5fmsaqubnl3am7.jpg""}]",150000,[],Có,arduino-kit-5,0,"[{""$oid"":""6455d26ee6a44f0b50166467""}]",Arduino Kit 5,2023-05-25T09:29:45.292Z
0,6464768a4d819812c4e4019e,Hàng nội địa Trung,Zune,6455d1f4e6a44f0b50166440,[],2023-05-17T06:39:06.984Z,Tags: sendo,"[{""public_id"":""image"",""url"":""https://res.cloudinary.com/dcqjrwaoi/image/upload/v1684305542/av1xurluq7zgsd1veca1.jpg""}]",150000,[],Có,arduino-kit-6,0,"[{""$oid"":""6455d26ee6a44f0b50166467""}]",Arduino Kit 6,2023-05-25T09:29:30.414Z
0,646476a04d819812c4e401a6,Hàng Việt Nam,Zune,6455d1f4e6a44f0b50166440,[],2023-05-17T06:39:28.830Z,Tags: sendo,"[{""public_id"":""image"",""url"":""https://res.cloudinary.com/dcqjrwaoi/image/upload/v1684305557/kjuewuu5b3fouqi7fo6p.jpg""}]",150000,[],Có,arduino-kit-7,0,"[{""$oid"":""6455d26ee6a44f0b50166467""}]",Arduino Kit 7,2023-05-25T09:29:23.436Z
0,646476b04d819812c4e401ab,Hàng nội địa Trung,Zune,6455d1f4e6a44f0b50166440,[],2023-05-17T06:39:44.617Z,Tags: sendo,"[{""public_id"":""image"",""url"":""https://res.cloudinary.com/dcqjrwaoi/image/upload/v1684305580/ncqjvy2kh2gt0oiqxt4t.jpg""}]",150000,[],Có,arduino-kit-8,0,"[{""$oid"":""6455d26ee6a44f0b50166467""}]",Arduino Kit 8,2023-05-25T09:29:10.402Z
0,646476cc4d819812c4e401af,Hàng Việt Nam,Zune,6455d1f4e6a44f0b50166440,[],2023-05-17T06:40:12.912Z,Tags: sendo,"[{""public_id"":""ft0j2wphuuh74mr6wxi4"",""url"":""https://res.cloudinary.com/dcqjrwaoi/image/upload/v1685006935/ft0j2wphuuh74mr6wxi4.jpg""}]",150000,[],Có,arduino-kit-4,0,"[{""$oid"":""6455d26ee6a44f0b50166467""}]",Arduino Kit 4,2023-05-25T09:29:01.208Z
0,646476de4d819812c4e401b3,Hàng nội địa Trung,Zune,6455d1f4e6a44f0b50166440,[],2023-05-17T06:40:30.407Z,Tags: sendo,"[{""public_id"":""image"",""url"":""https://res.cloudinary.com/dcqjrwaoi/image/upload/v1684305626/qjezqzvxe7vyqvlb5a1p.jpg""}]",150000,[],Có,arduino-kit-9,0,"[{""$oid"":""6455d26ee6a44f0b50166467""}]",Arduino Kit 9,2023-05-25T09:28:32.792Z
0,646476fc4d819812c4e401b8,Hàng Việt Nam,8yo,6455d1f4e6a44f0b50166440,[],2023-05-17T06:41:00.266Z,Tags: sendo,"[{""public_id"":""image"",""url"":""https://res.cloudinary.com/dcqjrwaoi/image/upload/v1684305648/qqfjlbdvq9g7vod37tvw.jpg""}]",130000,[],Có,arduino-kit-10,0,"[{""$oid"":""6455d26ee6a44f0b50166467""}]",Arduino Kit 10,2023-05-25T09:28:21.929Z
0,6464771d4d819812c4e401bd,Hàng nội địa Trung,8yo,6455d1f4e6a44f0b50166440,[],2023-05-17T06:41:33.493Z,Tags: sendo,"[{""public_id"":""image"",""url"":""https://res.cloudinary.com/dcqjrwaoi/image/upload/v1684305687/pzi0ueb8rvcfn7gnexjq.jpg""}]",130000,[],Có,arduino-kit-12,0,"[{""$oid"":""6455d26ee6a44f0b50166467""}]",Arduino Kit 12,2023-05-25T09:28:12.272Z
0,6464e83c117ab0227c337e51,Hàng Việt Nam,"D'Hoon",6455d1f4e6a44f0b50166440,[],2023-05-17T14:44:12.104Z,"Kit cắm được sử dụng cho dự án đơn giản, mức độ vừa phải cho người mới bắt đầu làm quen với Arduino cung cấp bởi linh kiện điện tử 3m.","[{""public_id"":""image"",""url"":""https://res.cloudinary.com/dcqjrwaoi/image/upload/v1684334562/r7hy5hjpyp73tetbt0s7.jpg""}]",130000,[],Có,arduino-13,0,"[{""$oid"":""6455d26ee6a44f0b50166467""}]",Arduino 13,2023-05-25T09:28:04.460Z
0,6464e84d117ab0227c337e56,Hàng nội địa Trung,"D'Hoon",6455d1f4e6a44f0b50166440,[],2023-05-17T14:44:29.514Z,"Kit cắm được sử dụng cho dự án đơn giản, mức độ vừa phải cho người mới bắt đầu làm quen với Arduino cung cấp bởi linh kiện điện tử 3m.","[{""public_id"":""image"",""url"":""https://res.cloudinary.com/dcqjrwaoi/image/upload/v1684334663/ntg3oehete5ipn5lrbse.jpg""}]",130000,[],Có,arduino-14,0,"[{""$oid"":""6455d26ee6a44f0b50166467""}]",Arduino 14,2023-05-25T09:27:56.999Z
0,6464e866117ab0227c337e5b,Hàng Việt Nam,"D'Hoon",6455d1f4e6a44f0b50166440,[],2023-05-17T14:44:54.539Z,"Kit cắm được sử dụng cho dự án đơn giản, mức độ vừa phải cho người mới bắt đầu làm quen với Arduino cung cấp bởi linh kiện điện tử 3m.","[{""public_id"":""image"",""url"":""https://res.cloudinary.com/dcqjrwaoi/image/upload/v1684334680/d2wo9grdk45w7hvigbec.jpg""}]",153000,[],Có,arduino-15,0,"[{""$oid"":""6455d26ee6a44f0b50166467""}]",Arduino 15,2023-05-25T09:27:48.036Z
0,6464e87e117ab0227c337e60,Hàng Việt Nam,Zune,6455d1f4e6a44f0b50166440,[],2023-05-17T14:45:18.923Z,"Kit cắm được sử dụng cho dự án đơn giản, mức độ vừa phải cho người mới bắt đầu làm quen với Arduino cung cấp bởi linh kiện điện tử 3m.","[{""public_id"":""image"",""url"":""https://res.cloudinary.com/dcqjrwaoi/image/upload/v1684334708/xneo5oxsmx2mfy6qtlsp.jpg""}]",153000,[],Có,arduino-17,0,"[{""$oid"":""6455d26ee6a44f0b50166467""}]",Arduino 17,2023-05-25T09:27:35.058Z
0,6464e891117ab0227c337e65,Hàng nội địa Trung,Zune,6455d1f4e6a44f0b50166440,[],2023-05-17T14:45:37.074Z,"Kit cắm được sử dụng cho dự án đơn giản, mức độ vừa phải cho người mới bắt đầu làm quen với Arduino cung cấp bởi linh kiện điện tử 3m.","[{""public_id"":""image"",""url"":""https://res.cloudinary.com/dcqjrwaoi/image/upload/v1684334729/b8bethorhcfjemtomdp7.jpg""}]",143998,[],Có,arduino-1766,0,"[{""$oid"":""6455d26ee6a44f0b50166467""}]",Arduino 1766,2023-05-25T09:27:24.503Z
0,6464e8ac117ab0227c337e6a,Hàng Việt Nam,Casio,6455d1f4e6a44f0b50166440,[],2023-05-17T14:46:04.148Z,"Kit cắm được sử dụng cho dự án đơn giản, mức độ vừa phải cho người mới bắt đầu làm quen với Arduino cung cấp bởi linh kiện điện tử 3m.","[{""public_id"":""image"",""url"":""https://res.cloudinary.com/dcqjrwaoi/image/upload/v1684334750/b1igwxe2e1wtnivj5kj7.jpg""}]",133000,[],Có,arduino-1718,0,"[{""$oid"":""6455d26ee6a44f0b50166467""}]",Arduino 1718,2023-05-25T09:27:11.516Z
0,6464e8bc117ab0227c337e6f,Hàng Việt Nam,Casio,6455d1f4e6a44f0b50166440,[],2023-05-17T14:46:20.268Z,"Kit cắm được sử dụng cho dự án đơn giản, mức độ vừa phải cho người mới bắt đầu làm quen với Arduino cung cấp bởi linh kiện điện tử 3m.","[{""public_id"":""image"",""url"":""https://res.cloudinary.com/dcqjrwaoi/image/upload/v1684334774/nmf0t9o3tuddgt0pwji7.jpg""}]",133000,[],Có,arduino-1719-r,0,"[{""$oid"":""6455d26ee6a44f0b50166467""}]",Arduino 1719-R,2023-05-25T09:27:01.351Z
0,6464e8cd117ab0227c337e74,Hàng nội địa Trung,Casio,6455d1f4e6a44f0b50166440,[],2023-05-17T14:46:37.068Z,"Kit cắm được sử dụng cho dự án đơn giản, mức độ vừa phải cho người mới bắt đầu làm quen với Arduino cung cấp bởi linh kiện điện tử 3m.","[{""public_id"":""image"",""url"":""https://res.cloudinary.com/dcqjrwaoi/image/upload/v1684334791/gfrqhaxflsrw5grs4emx.jpg""}]",133000,[],Có,arduino-1719-e,0,"[{""$oid"":""6455d26ee6a44f0b50166467""}]",Arduino 1719-E,2023-05-25T09:26:53.529Z
0,6464e8d9117ab0227c337e7a,Hàng Việt Nam,Casio,6455d1f4e6a44f0b50166440,[],2023-05-17T14:46:49.835Z,"Kit cắm được sử dụng cho dự án đơn giản, mức độ vừa phải cho người mới bắt đầu làm quen với Arduino cung cấp bởi linh kiện điện tử 3m.","[{""public_id"":""image"",""url"":""https://res.cloudinary.com/dcqjrwaoi/image/upload/v1684334806/qgtra73jnydp4hcv1cb1.jpg""}]",133000,[],Có,arduino-1719-ft,0,"[{""$oid"":""6455d26ee6a44f0b50166467""}]",Arduino 1719-FT,2023-05-25T09:26:45.877Z
0,6464e8f1117ab0227c337e7f,Hàng Việt Nam,Zune,6455d1f4e6a44f0b50166440,[],2023-05-17T14:47:13.484Z,"Kit cắm được sử dụng cho dự án đơn giản, mức độ vừa phải cho người mới bắt đầu làm quen với Arduino cung cấp bởi linh kiện điện tử 3m.","[{""public_id"":""image"",""url"":""https://res.cloudinary.com/dcqjrwaoi/image/upload/v1684334823/lg8crddws6smw2fek8fn.jpg""}]",133000,[],Có,arduino-1719-22,0,"[{""$oid"":""6455d26ee6a44f0b50166467""}]",Arduino 1719-22,2023-05-25T09:26:35.728Z
0,6464e8ff117ab0227c337e84,Hàng nội địa Trung,Zune,6455d1f4e6a44f0b50166440,[],2023-05-17T14:47:27.087Z,"Kit cắm được sử dụng cho dự án đơn giản, mức độ vừa phải cho người mới bắt đầu làm quen với Arduino cung cấp bởi linh kiện điện tử 3m.","[{""public_id"":""image"",""url"":""https://res.cloudinary.com/dcqjrwaoi/image/upload/v1684334842/wftxyjxss7rwzzevxxzk.jpg""}]",133000,[],Có,arduino-1719-23,0,"[{""$oid"":""6455d26ee6a44f0b50166467""}]",Arduino 1719-23,2023-05-25T09:26:24.741Z
0,6464e90e117ab0227c337e89,Hàng Việt Nam,Zune,6455d1f4e6a44f0b50166440,[],2023-05-17T14:47:42.012Z,"Kit cắm được sử dụng cho dự án đơn giản, mức độ vừa phải cho người mới bắt đầu làm quen với Arduino cung cấp bởi linh kiện điện tử 3m.","[{""public_id"":""image"",""url"":""https://res.cloudinary.com/dcqjrwaoi/image/upload/v1684334858/sryituoqmwdrsae7rvxk.jpg""}]",133000,[],Có,arduino-1719-24,0,"[{""$oid"":""6455d26ee6a44f0b50166467""}]",Arduino 1719-24,2023-05-25T09:26:14.426Z
0,6464e91c117ab0227c337e8e,Hàng Việt Nam,Zune,6455d1f4e6a44f0b50166440,[],2023-05-17T14:47:56.253Z,"Kit cắm được sử dụng cho dự án đơn giản, mức độ vừa phải cho người mới bắt đầu làm quen với Arduino cung cấp bởi linh kiện điện tử 3m.","[{""public_id"":""image"",""url"":""https://res.cloudinary.com/dcqjrwaoi/image/upload/v1684334873/bz0imq4ejnz6oz2wjhj6.jpg""}]",133000,[],Có,arduino-1719-25,0,"[{""$oid"":""6455d26ee6a44f0b50166467""}]",Arduino 1719-25,2023-05-25T09:26:02.909Z
0,6464e92a117ab0227c337e93,Hàng Việt Nam,Zune,6455d1f4e6a44f0b50166440,[],2023-05-17T14:48:10.565Z,"Kit cắm được sử dụng cho dự án đơn giản, mức độ vừa phải cho người mới bắt đầu làm quen với Arduino cung cấp bởi linh kiện điện tử 3m.","[{""public_id"":""image"",""url"":""https://res.cloudinary.com/dcqjrwaoi/image/upload/v1684334887/gwkn6ttkwkroaxngxi1w.jpg""}]",133000,[],Có,arduino-1719-26,0,"[{""$oid"":""6455d26ee6a44f0b50166467""}]",Arduino 1719-26,2023-05-25T09:25:56.259Z
0,6464e93d117ab0227c337e98,Hàng nội địa Trung,Zune,6455d1f4e6a44f0b50166440,[],2023-05-17T14:48:29.234Z,"Kit cắm được sử dụng cho dự án đơn giản, mức độ vừa phải cho người mới bắt đầu làm quen với Arduino cung cấp bởi linh kiện điện tử 3m.","[{""public_id"":""image"",""url"":""https://res.cloudinary.com/dcqjrwaoi/image/upload/v1684334900/c3ei1qcjtlwjmllb9tva.jpg""}]",89000,[],Có,arduino-1719-27,0,"[{""$oid"":""6455d26ee6a44f0b50166467""}]",Arduino 1719-27,2023-05-25T09:25:48.535Z
0,6464e95d117ab0227c337e9d,Hàng Việt Nam,Zune,6455d1f4e6a44f0b50166440,[],2023-05-17T14:49:01.645Z,"Kit cắm được sử dụng cho dự án đơn giản, mức độ vừa phải cho người mới bắt đầu làm quen với Arduino cung cấp bởi linh kiện điện tử 3m.","[{""public_id"":""image"",""url"":""https://res.cloudinary.com/dcqjrwaoi/image/upload/v1684334938/l3v6rizhqf7gv5it2sji.jpg""}]",89000,[],Có,arduino-1719-28,0,"[{""$oid"":""6455d26ee6a44f0b50166467""}]",Arduino 1719-28,2023-05-25T09:25:38.361Z
0,6464e979117ab0227c337ea6,Hàng Việt Nam,Zune,6455d1f4e6a44f0b50166440,[],2023-05-17T14:49:29.956Z,"Kit cắm được sử dụng cho dự án đơn giản, mức độ vừa phải cho người mới bắt đầu làm quen với Arduino cung cấp bởi linh kiện điện tử 3m.","[{""public_id"":""image"",""url"":""https://res.cloudinary.com/dcqjrwaoi/image/upload/v1684334966/cmiwauogsytsiw4efpqa.jpg""}]",89000,[],Có,arduino-1719-29,0,"[{""$oid"":""6455d26ee6a44f0b50166467""}]",Arduino 1719-29,2023-05-25T09:25:31.023Z
0,6464e98f117ab0227c337eab,Hàng nội địa Trung,Zune,6455d1f4e6a44f0b50166440,[],2023-05-17T14:49:51.386Z,"Kit cắm được sử dụng cho dự án đơn giản, mức độ vừa phải cho người mới bắt đầu làm quen với Arduino cung cấp bởi linh kiện điện tử 3m.","[{""public_id"":""image"",""url"":""https://res.cloudinary.com/dcqjrwaoi/image/upload/v1684334983/q6wipvbnoptvtafkww6i.jpg""}]",89000,[],Có,bo-arduino-1719-2,0,"[{""$oid"":""6455d26ee6a44f0b50166467""}]",Bộ Arduino 1719-2,2023-05-25T09:25:12.454Z
0,6464e9a1117ab0227c337eb0,Hàng Việt Nam,Zune,6455d1f4e6a44f0b50166440,[],2023-05-17T14:50:09.684Z,"Kit cắm được sử dụng cho dự án đơn giản, mức độ vừa phải cho người mới bắt đầu làm quen với Arduino cung cấp bởi linh kiện điện tử 3m.","[{""public_id"":""image"",""url"":""https://res.cloudinary.com/dcqjrwaoi/image/upload/v1684335001/dn7gdk6big0j9w8az9sd.jpg""}]",89000,[],Có,arduino-1719-231,0,"[{""$oid"":""6455d26ee6a44f0b50166467""}]",Arduino 1719-231,2023-05-25T09:25:03.086Z
0,6464e9b3117ab0227c337eb5,Hàng nội địa Trung,Zune,6455d1f4e6a44f0b50166440,[],2023-05-17T14:50:27.201Z,"Kit cắm được sử dụng cho dự án đơn giản, mức độ vừa phải cho người mới bắt đầu làm quen với Arduino cung cấp bởi linh kiện điện tử 3m.","[{""public_id"":""image"",""url"":""https://res.cloudinary.com/dcqjrwaoi/image/upload/v1684335023/loyvmok2jkefw9tl3zjx.jpg""}]",89000,[],Có,arduino-1732,0,"[{""$oid"":""6455d26ee6a44f0b50166467""}]",Arduino 1732,2023-05-25T09:24:51.114Z
0,6464e9c5117ab0227c337eba,Hàng Việt Nam,Zune,6455d1f4e6a44f0b50166440,[],2023-05-17T14:50:45.154Z,"Kit cắm được sử dụng cho dự án đơn giản, mức độ vừa phải cho người mới bắt đầu làm quen với Arduino cung cấp bởi linh kiện điện tử 3m.","[{""public_id"":""image"",""url"":""https://res.cloudinary.com/dcqjrwaoi/image/upload/v1684335039/i0jiik3cada0ye04ildm.jpg""}]",89000,[],Có,arduino-1-34,0,"[{""$oid"":""6455d26ee6a44f0b50166467""}]",Arduino 1-34,2023-05-25T09:24:42.023Z
0,6464e9d8117ab0227c337ebf,Hàng nội địa Trung,Zune,6455d1f4e6a44f0b50166440,[],2023-05-17T14:51:04.149Z,"Kit cắm được sử dụng cho dự án đơn giản, mức độ vừa phải cho người mới bắt đầu làm quen với Arduino cung cấp bởi linh kiện điện tử 3m.","[{""public_id"":""image"",""url"":""https://res.cloudinary.com/dcqjrwaoi/image/upload/v1684335058/zpfpaikdhwxdgzektfr3.jpg""}]",89000,[],Có,arduino-1-35,0,"[{""$oid"":""6455d26ee6a44f0b50166467""}]",Arduino 1-35,2023-05-25T09:24:36.380Z
0,6464e9ef117ab0227c337ec4,Hàng Việt Nam,Casio,6455d1f4e6a44f0b50166440,[],2023-05-17T14:51:27.041Z,"Kit cắm được sử dụng cho dự án đơn giản, mức độ vừa phải cho người mới bắt đầu làm quen với Arduino cung cấp bởi linh kiện điện tử 3m.","[{""public_id"":""image"",""url"":""https://res.cloudinary.com/dcqjrwaoi/image/upload/v1684335077/emgxnflh1gazmyxosb0e.jpg""}]",125000,[],Có,arduino-1-36,0,"[{""$oid"":""6455d26ee6a44f0b50166467""}]",Arduino 1-36,2023-05-25T09:24:26.332Z
0,6464ea00117ab0227c337ec9,Hàng Việt Nam,Casio,6455d1f4e6a44f0b50166440,[],2023-05-17T14:51:44.782Z,"Kit cắm được sử dụng cho dự án đơn giản, mức độ vừa phải cho người mới bắt đầu làm quen với Arduino cung cấp bởi linh kiện điện tử 3m.","[{""public_id"":""image"",""url"":""https://res.cloudinary.com/dcqjrwaoi/image/upload/v1684335099/ye7lukwv0lgnhamhhoa8.jpg""}]",125000,[],Có,arduino-1-37,0,"[{""$oid"":""6455d26ee6a44f0b50166467""}]",Arduino 1-37,2023-05-25T09:23:10.614Z
0,6464ea10117ab0227c337ece,Hàng Việt Nam,Casio,6455d1f4e6a44f0b50166440,[],2023-05-17T14:52:00.861Z,"Kit cắm được sử dụng cho dự án đơn giản, mức độ vừa phải cho người mới bắt đầu làm quen với Arduino cung cấp bởi linh kiện điện tử 3m.","[{""public_id"":""image"",""url"":""https://res.cloudinary.com/dcqjrwaoi/image/upload/v1684335116/uw9bys3bhvlalwddsk4b.jpg""}]",125000,[],Có,arduino-1-39,0,"[{""$oid"":""6455d26ee6a44f0b50166467""}]",Arduino 1-39,2023-05-25T09:23:02.108Z
0,6464ea1f117ab0227c337ed3,Hàng Việt Nam,Casio,6455d1f4e6a44f0b50166440,[],2023-05-17T14:52:15.193Z,"Kit cắm được sử dụng cho dự án đơn giản, mức độ vừa phải cho người mới bắt đầu làm quen với Arduino cung cấp bởi linh kiện điện tử 3m.","[{""public_id"":""image"",""url"":""https://res.cloudinary.com/dcqjrwaoi/image/upload/v1684335131/qoar4kjigoyld9iaxtxp.jpg""}]",125000,[],Có,arduino-1-10,0,"[{""$oid"":""6455d26ee6a44f0b50166467""}]",Arduino 1-10,2023-05-25T09:22:47.445Z
0,6464ea37117ab0227c337ed8,Hàng Việt Nam,Zune,6455d1f4e6a44f0b50166440,[],2023-05-17T14:52:39.117Z,"Kit cắm được sử dụng cho dự án đơn giản, mức độ vừa phải cho người mới bắt đầu làm quen với Arduino cung cấp bởi linh kiện điện tử 3m.","[{""public_id"":""image"",""url"":""https://res.cloudinary.com/dcqjrwaoi/image/upload/v1684335148/eb8gwe1zyrqkcmgm7h3v.jpg""}]",145000,[],Có,arduino-1-41,0,"[{""$oid"":""6455d26ee6a44f0b50166467""}]",Arduino 1-41,2023-05-25T09:22:37.008Z
0,6464ea45117ab0227c337edd,Hàng nội địa Trung,Zune,6455d1f4e6a44f0b50166440,[],2023-05-17T14:52:53.054Z,"Kit cắm được sử dụng cho dự án đơn giản, mức độ vừa phải cho người mới bắt đầu làm quen với Arduino cung cấp bởi linh kiện điện tử 3m.","[{""public_id"":""image"",""url"":""https://res.cloudinary.com/dcqjrwaoi/image/upload/v1684335170/znpxxk49ap9youbshnoz.jpg""}]",145000,[],Có,arduino-1-42,0,"[{""$oid"":""6455d26ee6a44f0b50166467""}]",Arduino 1-42,2023-05-25T09:22:29.468Z
0,6464ea54117ab0227c337ee2,Hàng nội địa Trung,Zune,6455d1f4e6a44f0b50166440,[],2023-05-17T14:53:08.830Z,"Kit cắm được sử dụng cho dự án đơn giản, mức độ vừa phải cho người mới bắt đầu làm quen với Arduino cung cấp bởi linh kiện điện tử 3m.","[{""public_id"":""image"",""url"":""https://res.cloudinary.com/dcqjrwaoi/image/upload/v1684335184/j2updvumcwfomvpvqjfc.jpg""}]",145000,[],Có,arduino-1-43,0,"[{""$oid"":""6455d26ee6a44f0b50166467""}]",Arduino 1-43,2023-05-25T09:22:19.080Z
0,6464ea62117ab0227c337ee7,Hàng Việt Nam,Zune,6455d1f4e6a44f0b50166440,[],2023-05-17T14:53:22.087Z,"Kit cắm được sử dụng cho dự án đơn giản, mức độ vừa phải cho người mới bắt đầu làm quen với Arduino cung cấp bởi linh kiện điện tử 3m.","[{""public_id"":""image"",""url"":""https://res.cloudinary.com/dcqjrwaoi/image/upload/v1684335199/b4zna935qargz1e45vlc.jpg""}]",145000,[],Có,arduino-44,0,"[{""$oid"":""6455d26ee6a44f0b50166467""}]",Arduino 44,2023-05-25T09:22:08.527Z
0,6464ebf5117ab0227c337eea,Hàng Việt Nam,Zune,6455d1f4e6a44f0b50166440,[],2023-05-17T15:00:05.659Z,"Kit cắm được sử dụng cho dự án đơn giản, mức độ vừa phải cho người mới bắt đầu làm quen với Arduino cung cấp bởi linh kiện điện tử 3m.","[{""public_id"":""image"",""url"":""https://res.cloudinary.com/dcqjrwaoi/image/upload/v1684335199/b4zna935qargz1e45vlc.jpg""}]",145000,[],Có,kit-1,0,"[{""$oid"":""6455d26ee6a44f0b50166467""}]",Kit-1,2023-05-25T09:22:00.949Z
0,6464ec6e117ab0227c337ef4,Hàng nội địa Trung,Zune,6455d1f4e6a44f0b50166440,[],2023-05-17T15:02:06.128Z,"Kit cắm được sử dụng cho dự án đơn giản, mức độ vừa phải cho người mới bắt đầu làm quen với Arduino cung cấp bởi linh kiện điện tử 3m.","[{""public_id"":""image"",""url"":""https://res.cloudinary.com/dcqjrwaoi/image/upload/v1684335717/c6qrjoutgnng39goaki0.jpg""}]",145000,[],Có,kit-11,0,"[{""$oid"":""6455d26ee6a44f0b50166467""}]",Kit-11,2023-05-25T09:21:52.415Z
0,6464ec7f117ab0227c337ef9,Hàng nội địa Trung,Zune,6455d1f4e6a44f0b50166440,[],2023-05-17T15:02:23.458Z,"Kit cắm được sử dụng cho dự án đơn giản, mức độ vừa phải cho người mới bắt đầu làm quen với Arduino cung cấp bởi linh kiện điện tử 3m.","[{""public_id"":""image"",""url"":""https://res.cloudinary.com/dcqjrwaoi/image/upload/v1684335739/tojdyp0mkkxdxqzlu2qr.jpg""}]",145000,[],Có,kit-2,0,"[{""$oid"":""6455d26ee6a44f0b50166467""}]",Kit-2,2023-05-25T09:21:44.484Z
0,6464ec8b117ab0227c337efe,Hàng Việt Nam,Zune,6455d1f4e6a44f0b50166440,[],2023-05-17T15:02:36.002Z,"Kit cắm được sử dụng cho dự án đơn giản, mức độ vừa phải cho người mới bắt đầu làm quen với Arduino cung cấp bởi linh kiện điện tử 3m.","[{""public_id"":""image"",""url"":""https://res.cloudinary.com/dcqjrwaoi/image/upload/v1684335752/vbbscyadadzt2zztc5k2.jpg""}]",145000,[],Có,kit-3,0,"[{""$oid"":""6455d26ee6a44f0b50166467""}]",Kit-3,2023-05-25T09:21:30.819Z
0,6464ece1117ab0227c337f06,Hàng Việt Nam,Casio,6455d1f4e6a44f0b50166440,[],2023-05-17T15:04:01.961Z,"Kit cắm được sử dụng cho dự án đơn giản, mức độ vừa phải cho người mới bắt đầu làm quen với Arduino cung cấp bởi linh kiện điện tử 3m.","[{""public_id"":""image"",""url"":""https://res.cloudinary.com/dcqjrwaoi/image/upload/v1684335773/y48yssim0nbw5nhubg45.jpg""}]",135000,[],Có,kit-33,0,"[{""$oid"":""6455d26ee6a44f0b50166467""}]",Kit-33,2023-05-25T09:20:02.731Z
0,6464eced117ab0227c337f0a,Hàng Việt Nam,Casio,6455d1f4e6a44f0b50166440,[],2023-05-17T15:04:13.414Z,"Kit cắm được sử dụng cho dự án đơn giản, mức độ vừa phải cho người mới bắt đầu làm quen với Arduino cung cấp bởi linh kiện điện tử 3m.","[{""public_id"":""t9vncmomgsgnhxidj70z"",""url"":""https://res.cloudinary.com/dcqjrwaoi/image/upload/v1685006362/t9vncmomgsgnhxidj70z.jpg""}]",135000,[],Có,kit-4,0,"[{""$oid"":""6455d26ee6a44f0b50166467""}]",Kit-4,2023-05-25T09:19:31.413Z
0,6464ed07117ab0227c337f0e,Hàng nội địa Trung,Casio,6455d1f4e6a44f0b50166440,[],2023-05-17T15:04:39.494Z,"Kit cắm được sử dụng cho dự án đơn giản, mức độ vừa phải cho người mới bắt đầu làm quen với Arduino cung cấp bởi linh kiện điện tử 3m.","[{""public_id"":""image"",""url"":""https://res.cloudinary.com/dcqjrwaoi/image/upload/v1684335875/exjrx0bfqxtthwnh46rs.jpg""}]",135000,[],Có,kit-5,0,"[{""$oid"":""6455d26ee6a44f0b50166467""}]",Kit-5,2023-05-25T06:28:34.055Z
0,6464ed13117ab0227c337f13,Hàng Việt Nam,Casio,6455d1f4e6a44f0b50166440,[],2023-05-17T15:04:51.992Z,"Kit cắm được sử dụng cho dự án đơn giản, mức độ vừa phải cho người mới bắt đầu làm quen với Arduino cung cấp bởi linh kiện điện tử 3m.","[{""public_id"":""image"",""url"":""https://res.cloudinary.com/dcqjrwaoi/image/upload/v1684335889/teexfr58n3dgzknqbw1r.jpg""}]",135000,[],Có,kit-6,0,"[{""$oid"":""6455d26ee6a44f0b50166467""}]",Kit-6,2023-05-25T06:28:22.545Z
0,6464ed2c117ab0227c337f1b,Hàng nội địa Trung,Casio,6455d1f4e6a44f0b50166440,[],2023-05-17T15:05:16.440Z,"Kit cắm được sử dụng cho dự án đơn giản, mức độ vừa phải cho người mới bắt đầu làm quen với Arduino cung cấp bởi linh kiện điện tử 3m.","[{""public_id"":""image"",""url"":""https://res.cloudinary.com/dcqjrwaoi/image/upload/v1684335906/yisw5sii5ckczlyjpowm.jpg""}]",135000,[],Có,kit-7,0,"[{""$oid"":""6455d26ee6a44f0b50166467""}]",Kit-7,2023-05-25T09:19:50.374Z
0,6464ed3d117ab0227c337f20,Hàng Việt Nam,Casio,6455d1f4e6a44f0b50166440,[],2023-05-17T15:05:33.118Z,"Kit cắm được sử dụng cho dự án đơn giản, mức độ vừa phải cho người mới bắt đầu làm quen với Arduino cung cấp bởi linh kiện điện tử 3m.","[{""public_id"":""image"",""url"":""https://res.cloudinary.com/dcqjrwaoi/image/upload/v1684335930/tjeajtyg2iorcntjikm4.jpg""}]",135000,[],Có,kit-8,0,"[{""$oid"":""6455d26ee6a44f0b50166467""}]",Kit-8,2023-05-25T06:28:02.867Z
0,6464ed4c117ab0227c337f25,Hàng Việt Nam,Casio,6455d1f4e6a44f0b50166440,[],2023-05-17T15:05:48.025Z,"Kit cắm được sử dụng cho dự án đơn giản, mức độ vừa phải cho người mới bắt đầu làm quen với Arduino cung cấp bởi linh kiện điện tử 3m.","[{""public_id"":""image"",""url"":""https://res.cloudinary.com/dcqjrwaoi/image/upload/v1684335944/qheqimxz4ubebbznvkdu.jpg""}]",135000,[],Có,kit-9,0,"[{""$oid"":""6455d26ee6a44f0b50166467""}]",Kit-9,2023-05-25T06:27:56.065Z
0,646e2e78144ff61fd0b9a22e,Việt,Casio,6455d1dae6a44f0b5016643b,[],2023-05-24T15:34:16.875Z,Kích thước ok,"[{""public_id"":""ig6t7kn6fbfqtozguq9t"",""url"":""https://res.cloudinary.com/dcqjrwaoi/image/upload/v1684942424/ig6t7kn6fbfqtozguq9t.jpg""}]",150000,[],Không,ic-1028,0,"[{""$oid"":""6455d2a2e6a44f0b50166476""}]",IC 1028,2023-05-25T06:27:46.391Z
0,646efd0906c56e36504a81ed,Trung,8yo,6455d1dae6a44f0b5016643b,[],2023-05-25T06:15:38.038Z,adasd,"[{""public_id"":""yluwrwtcmdgqadkc2hqt"",""url"":""https://res.cloudinary.com/dcqjrwaoi/image/upload/v1684995319/yluwrwtcmdgqadkc2hqt.jpg""}]",4567,[],Không,add,0,"[{""$oid"":""6455d2a2e6a44f0b50166476""}]",ádd,2023-05-25T06:27:39.272Z