ID,Images,Brand,Name,Slug,Price,Description,Category,Atributive
6455d35ee6a44f0b501664e6,https://res.cloudinary.com/dcqjrwaoi/image/upload/v1683979007/cysxcculdv1l3pcywday.jpg,Zune,Module Cảm Biến Nhiệt Độ DS18B20,module-cam-bien-nhiet-djo-ds18b20,25000,Chip: Cảm biến nhiệt độ 18B20 Điện áp làm viêc: 3.3-5V Phạm vi đo nhiệt độ (độ C): -55 ~ 125o Trọng lượng: 10g Kích thước: 2x1 cm,6455d18fe6a44f0b5016642c,
6455d3ffe6a44f0b50166505,https://res.cloudinary.com/dcqjrwaoi/image/upload/v1683978990/dfojtzy8oxtsoo28cejd.jpg,Zune,Đầu Dò Cảm Biến Nhiệt Độ K WRN-187,djau-do-cam-bien-nhiet-djo-k-wrn-187,79000,Đầu dò nhiệt loại K Dải nhiệt độ: 0-800 độ C Chất liệu: Thép Kích thước: gồm 5 loại 5x200x5000 5x150x2000 5x150x3000 5x200x3000 5x200x2000,6455d18fe6a44f0b5016642c,
6455d4dee6a44f0b50166519,https://res.cloudinary.com/dcqjrwaoi/image/upload/v1683978966/b8ouugci7gh7l5su9cr5.jpg,Casio,Cảm Biến Nhiệt Độ GY906,cam-bien-nhiet-djo-gy906,170000,"Sử dụng nguồn: 3-5V Giao tiếp: IIC Chất liệu PCB: Vàng ngâm chất lượng cao Độ đo chính xác:  0,02 ° C Giao diện kỹ thuật số tương thích SMBus Đầu ra PWM có thể tùy chỉnh để đọc liên tục Có chế độ nghỉ để giảm thiểu năng lượng",6455d18fe6a44f0b5016642c,
6455d563e6a44f0b50166531,https://res.cloudinary.com/dcqjrwaoi/image/upload/v1683346768/irb6j8lt2ikvunfbnvmw.jpg,Zune,Cảm Biến Độ Ẩm Điện Dung Đầu Ra Analog ( Màu Đen ),cam-bien-djo-am-djien-dung-djau-ra-analog-(-mau-djen-),49000,Điện áp hoạt động:  3.3 ~ 5.5 VDC Điện áp đầu ra:  0 ~ 3.0 VDC  Giao diện:  PH2.54-3P Kích thước:  98 x 23mm (LxW)  ,6455d18fe6a44f0b5016642c,
6455d5eae6a44f0b5016654b,https://res.cloudinary.com/dcqjrwaoi/image/upload/v1683346873/ays22jol2mnbdrqe1oaf.jpg,D'Hoon,Cảm Biến Độ Ẩm HS1101,cam-bien-djo-am-hs1101,49000,Điện áp hoạt động: 5V – 10V Nhiệt độ hoạt động: -40ºC → 100ºC Dải đo độ ẩm: 1%RH – 99%RH,6455d18fe6a44f0b5016642c,
6455d63ee6a44f0b50166557,https://res.cloudinary.com/dcqjrwaoi/image/upload/v1683346956/yw2hegax2zuqwfnjvgia.jpg,8yo,IC Nguồn LM7806 TO-220,ic-nguon-lm7806-to-220,2000,Model: LM7806 TO-220 Điện áp vào: Vin =15V Dòng điện: Io=100mA Nhiệt độ hoạt động: Ta=25 độ C Trọng lượng: 10g,6455d1dae6a44f0b5016643b,
6455d681e6a44f0b50166563,https://res.cloudinary.com/dcqjrwaoi/image/upload/v1683347049/hqpai2wp86gzeyztvix0.jpg,Zune,78M06 1.5A TO-252,78m06-1.5a-to-252,3000,Điện áp đầu vào: 30VDC Điện áp đầu ra: 6VDC  Dòng điện đầu ra: 500mA  Dòng điện cực đại: 700mA,6455d1dae6a44f0b5016643b,
6455d6c5e6a44f0b50166571,https://res.cloudinary.com/dcqjrwaoi/image/upload/v1683347108/sxsrczkukicleq8guj7c.jpg,Casio,IC Thời Gian Thực DS1307,ic-thoi-gian-thuc-ds1307,6899,abc,6455d1dae6a44f0b5016643b,
645633fc20284c37803d47c0,https://res.cloudinary.com/dcqjrwaoi/image/upload/v1683370992/lquwcud4xriblkysef6w.jpg,8yo,Combo Bộ Kit Học Tập Arduino Uno R3 V3 Cơ Bản,combo-bo-kit-hoc-tap-arduino-uno-r3-v3-co-ban,549000,Mã sản phẩm: PVN10144,6455d1f4e6a44f0b50166440,
645634bf20284c37803d4807,https://res.cloudinary.com/dcqjrwaoi/image/upload/v1683371182/mkf0rcfers4ej27jhu98.jpg,D'Hoon,1,1,1,1,6455d1f4e6a44f0b50166440,
6463ac123ae9611cd85835e7,https://res.cloudinary.com/dcqjrwaoi/image/upload/v1684253656/vf6lkx0p4nafobwpfvdd.jpg,D'Hoon,Cảm biến nhiệt độ,cam-bien-nhiet-djo,12000,Chiều dài đầu dò :100 mm Thang nhiệt: 0-800 oC Dầu dò: Loại K Chiều dài: 1700mm,6455d18fe6a44f0b5016642c,
6463acae3ae9611cd85835f4,https://res.cloudinary.com/dcqjrwaoi/image/upload/v1684253936/kyagndtjti4cldfwyhkf.jpg,Zune,Cảm biến nhiệt độ 1,cam-bien-nhiet-djo-1,11000,Chiều dài đầu dò :100 mm Thang nhiệt: 0-800 oC Dầu dò: Loại K Chiều dài: 1700mm,6455d18fe6a44f0b5016642c,
6463ad1e3ae9611cd8583615,https://res.cloudinary.com/dcqjrwaoi/image/upload/v1684253948/tmxi7reijzt4fsiyy9tn.jpg,Casio,Cảm biến 2,cam-bien-2,11000,Chiều dài đầu dò :100 mm Thang nhiệt: 0-800 oC Dầu dò: Loại K Chiều dài: 1700mm,6455d18fe6a44f0b5016642c,
6463ad523ae9611cd858361a,https://res.cloudinary.com/dcqjrwaoi/image/upload/v1684253992/akwbnabk0zfcn8y99ztb.jpg,Patek Philippe,Cảm biến 3,cam-bien-3,11000,Chiều dài đầu dò :100 mm Thang nhiệt: 0-800 oC Dầu dò: Loại K Chiều dài: 1700mm,6455d18fe6a44f0b5016642c,Hàng Việt Nam
6463ad703ae9611cd858361f,https://res.cloudinary.com/dcqjrwaoi/image/upload/v1684254047/hjvtaokozf2nwlmxq8pz.jpg,Patek Philippe,Cảm biến 4,cam-bien-4,15000,Chiều dài đầu dò :100 mm Thang nhiệt: 0-800 oC Dầu dò: Loại K Chiều dài: 1700mm,6455d18fe6a44f0b5016642c,Hàng nội địa Trung
6463ae303ae9611cd8583629,https://res.cloudinary.com/dcqjrwaoi/image/upload/v1684254222/nohdoyfr2b6dzzesrans.jpg,D'Hoon,Cảm biến độ ẩm,cam-bien-djo-am,70000,Điệ áp:4.45~5.25VDC Dòng: 2mA (Max 5mA) Cảm biến: Polymer resistor Phạm vi hoạt động: 20-90% RH; Nhiệt độ 0 ~ 50 độC Sai số độ ẩm: + -5%RH Độ nhạy: 1%RH; Nhiệt độ: 1 độ C. Chu kỳ: + -1% RH; Nhiệt độ + -1 độ C Độ trễ: + -1% RH,6455d18fe6a44f0b5016642c,Hàng nội địa Trung
6463ae7e3ae9611cd858363b,https://res.cloudinary.com/dcqjrwaoi/image/upload/v1684254307/xvfsizqstrkambb9ahgb.jpg,D'Hoon,Cảm biến độ ẩm 2,cam-bien-djo-am-2,50000,Điệ áp:4.45~5.25VDC Dòng: 2mA (Max 5mA) Cảm biến: Polymer resistor Phạm vi hoạt động: 20-90% RH; Nhiệt độ 0 ~ 50 độC Sai số độ ẩm: + -5%RH Độ nhạy: 1%RH; Nhiệt độ: 1 độ C. Chu kỳ: + -1% RH; Nhiệt độ + -1 độ C Độ trễ: + -1% RH,6455d18fe6a44f0b5016642c,Hàng Việt Nam
6463ae873ae9611cd858363e,https://res.cloudinary.com/dcqjrwaoi/image/upload/v1684254307/xvfsizqstrkambb9ahgb.jpg,D'Hoon,Cảm biến độ ẩm 3,cam-bien-djo-am-3,50000,Điệ áp:4.45~5.25VDC Dòng: 2mA (Max 5mA) Cảm biến: Polymer resistor Phạm vi hoạt động: 20-90% RH; Nhiệt độ 0 ~ 50 độC Sai số độ ẩm: + -5%RH Độ nhạy: 1%RH; Nhiệt độ: 1 độ C. Chu kỳ: + -1% RH; Nhiệt độ + -1 độ C Độ trễ: + -1% RH,6455d18fe6a44f0b5016642c,Hàng nội địa Trung
6463ae973ae9611cd8583643,https://res.cloudinary.com/dcqjrwaoi/image/upload/v1684254355/tl4hcipghrqnfye8izha.jpg,D'Hoon,Cảm biến độ ẩm 4,cam-bien-djo-am-4,50000,Điệ áp:4.45~5.25VDC Dòng: 2mA (Max 5mA) Cảm biến: Polymer resistor Phạm vi hoạt động: 20-90% RH; Nhiệt độ 0 ~ 50 độC Sai số độ ẩm: + -5%RH Độ nhạy: 1%RH; Nhiệt độ: 1 độ C. Chu kỳ: + -1% RH; Nhiệt độ + -1 độ C Độ trễ: + -1% RH,6455d18fe6a44f0b5016642c,Hàng Việt Nam
6463aea83ae9611cd8583648,https://res.cloudinary.com/dcqjrwaoi/image/upload/v1684254372/v53grwcjppdienqvirtx.jpg,D'Hoon,Cảm biến độ ẩm 5,cam-bien-djo-am-5,50000,Điệ áp:4.45~5.25VDC Dòng: 2mA (Max 5mA) Cảm biến: Polymer resistor Phạm vi hoạt động: 20-90% RH; Nhiệt độ 0 ~ 50 độC Sai số độ ẩm: + -5%RH Độ nhạy: 1%RH; Nhiệt độ: 1 độ C. Chu kỳ: + -1% RH; Nhiệt độ + -1 độ C Độ trễ: + -1% RH,6455d18fe6a44f0b5016642c,Hàng Việt Nam
6463aebb3ae9611cd858364d,https://res.cloudinary.com/dcqjrwaoi/image/upload/v1684254388/gptavqywy4lywjnyup4w.jpg,D'Hoon,Cảm biến độ ẩm 6,cam-bien-djo-am-6,50000,Điệ áp:4.45~5.25VDC Dòng: 2mA (Max 5mA) Cảm biến: Polymer resistor Phạm vi hoạt động: 20-90% RH; Nhiệt độ 0 ~ 50 độC Sai số độ ẩm: + -5%RH Độ nhạy: 1%RH; Nhiệt độ: 1 độ C. Chu kỳ: + -1% RH; Nhiệt độ + -1 độ C Độ trễ: + -1% RH,6455d18fe6a44f0b5016642c,Hàng nội địa Trung
6463aecc3ae9611cd8583652,https://res.cloudinary.com/dcqjrwaoi/image/upload/v1684254407/obfms2mrwefrhwelkbw0.jpg,D'Hoon,Cảm biến độ ẩm 7,cam-bien-djo-am-7,50000,Điệ áp:4.45~5.25VDC Dòng: 2mA (Max 5mA) Cảm biến: Polymer resistor Phạm vi hoạt động: 20-90% RH; Nhiệt độ 0 ~ 50 độC Sai số độ ẩm: + -5%RH Độ nhạy: 1%RH; Nhiệt độ: 1 độ C. Chu kỳ: + -1% RH; Nhiệt độ + -1 độ C Độ trễ: + -1% RH,6455d18fe6a44f0b5016642c,Hàng Việt Nam
6463aed83ae9611cd8583657,https://res.cloudinary.com/dcqjrwaoi/image/upload/v1684254421/nn8zo1w0rjvi52qh7hto.jpg,D'Hoon,Cảm biến độ ẩm 8,cam-bien-djo-am-8,50000,Điệ áp:4.45~5.25VDC Dòng: 2mA (Max 5mA) Cảm biến: Polymer resistor Phạm vi hoạt động: 20-90% RH; Nhiệt độ 0 ~ 50 độC Sai số độ ẩm: + -5%RH Độ nhạy: 1%RH; Nhiệt độ: 1 độ C. Chu kỳ: + -1% RH; Nhiệt độ + -1 độ C Độ trễ: + -1% RH,6455d18fe6a44f0b5016642c,Hàng Việt Nam
6463af693ae9611cd858365d,https://res.cloudinary.com/dcqjrwaoi/image/upload/v1684254537/so67p9zv2gnh33xlcygx.jpg,Zune,Module ứng dụng 1,module-ung-dung-1,70000,Điệ áp:4.45~5.25VDC Dòng: 2mA (Max 5mA) Cảm biến: Polymer resistor Phạm vi hoạt động: 20-90% RH; Nhiệt độ 0 ~ 50 độC Sai số độ ẩm: + -5%RH Độ nhạy: 1%RH; Nhiệt độ: 1 độ C. Chu kỳ: + -1% RH; Nhiệt độ + -1 độ C Độ trễ: + -1% RH,6455d1c8e6a44f0b50166436,Hàng nội địa Trung
6463af833ae9611cd8583662,https://res.cloudinary.com/dcqjrwaoi/image/upload/v1684254583/te0so9gv5yl5aanaxote.jpg,8yo,Module ứng dụng 2,module-ung-dung-2,71000,Điệ áp:4.45~5.25VDC Dòng: 2mA (Max 5mA) Cảm biến: Polymer resistor Phạm vi hoạt động: 20-90% RH; Nhiệt độ 0 ~ 50 độC Sai số độ ẩm: + -5%RH Độ nhạy: 1%RH; Nhiệt độ: 1 độ C. Chu kỳ: + -1% RH; Nhiệt độ + -1 độ C Độ trễ: + -1% RH,6455d1c8e6a44f0b50166436,Hàng Việt Nam
6463af933ae9611cd8583667,https://res.cloudinary.com/dcqjrwaoi/image/upload/v1684254607/cejrl2fi1eo19eilyyxt.jpg,8yo,Module ứng dụng 3,module-ung-dung-3,71000,Điệ áp:4.45~5.25VDC Dòng: 2mA (Max 5mA) Cảm biến: Polymer resistor Phạm vi hoạt động: 20-90% RH; Nhiệt độ 0 ~ 50 độC Sai số độ ẩm: + -5%RH Độ nhạy: 1%RH; Nhiệt độ: 1 độ C. Chu kỳ: + -1% RH; Nhiệt độ + -1 độ C Độ trễ: + -1% RH,6455d1c8e6a44f0b50166436,Hàng Việt Nam
6463afa53ae9611cd858366c,https://res.cloudinary.com/dcqjrwaoi/image/upload/v1684254626/f7jltod22kexsbhsjs2a.jpg,8yo,Module ứng dụng 4,module-ung-dung-4,71000,Điệ áp:4.45~5.25VDC Dòng: 2mA (Max 5mA) Cảm biến: Polymer resistor Phạm vi hoạt động: 20-90% RH; Nhiệt độ 0 ~ 50 độC Sai số độ ẩm: + -5%RH Độ nhạy: 1%RH; Nhiệt độ: 1 độ C. Chu kỳ: + -1% RH; Nhiệt độ + -1 độ C Độ trễ: + -1% RH,6455d1c8e6a44f0b50166436,Hàng nội địa Trung
6463afba3ae9611cd8583671,https://res.cloudinary.com/dcqjrwaoi/image/upload/v1684254640/c7su7ghpjmvwp5wmfrpy.jpg,Casio,Module ứng dụng 5,module-ung-dung-5,77000,Điệ áp:4.45~5.25VDC Dòng: 2mA (Max 5mA) Cảm biến: Polymer resistor Phạm vi hoạt động: 20-90% RH; Nhiệt độ 0 ~ 50 độC Sai số độ ẩm: + -5%RH Độ nhạy: 1%RH; Nhiệt độ: 1 độ C. Chu kỳ: + -1% RH; Nhiệt độ + -1 độ C Độ trễ: + -1% RH,6455d1c8e6a44f0b50166436,Hàng Việt Nam
6463afca3ae9611cd8583676,https://res.cloudinary.com/dcqjrwaoi/image/upload/v1684254661/tfycjwijvaxajyvdskvx.jpg,Casio,Module ứng dụng 6,module-ung-dung-6,77000,Điệ áp:4.45~5.25VDC Dòng: 2mA (Max 5mA) Cảm biến: Polymer resistor Phạm vi hoạt động: 20-90% RH; Nhiệt độ 0 ~ 50 độC Sai số độ ẩm: + -5%RH Độ nhạy: 1%RH; Nhiệt độ: 1 độ C. Chu kỳ: + -1% RH; Nhiệt độ + -1 độ C Độ trễ: + -1% RH,6455d1c8e6a44f0b50166436,Hàng nội địa Trung
6463b0013ae9611cd858367f,https://res.cloudinary.com/dcqjrwaoi/image/upload/v1685007392/ypc33xs2k4l7mq8zq7gp.jpg,Casio,Module ứng dụng 7,module-ung-dung-7,77000,Điệ áp:4.45~5.25VDC Dòng: 2mA (Max 5mA) Cảm biến: Polymer resistor Phạm vi hoạt động: 20-90% RH; Nhiệt độ 0 ~ 50 độC Sai số độ ẩm: + -5%RH Độ nhạy: 1%RH; Nhiệt độ: 1 độ C. Chu kỳ: + -1% RH; Nhiệt độ + -1 độ C Độ trễ: + -1% RH,6455d1c8e6a44f0b50166436,Hàng Việt Nam
6463b0143ae9611cd8583686,https://res.cloudinary.com/dcqjrwaoi/image/upload/v1684254732/qgle1brpq60iqemelj0j.jpg,Casio,Module ứng dụng 8,module-ung-dung-8,77000,Điệ áp:4.45~5.25VDC Dòng: 2mA (Max 5mA) Cảm biến: Polymer resistor Phạm vi hoạt động: 20-90% RH; Nhiệt độ 0 ~ 50 độC Sai số độ ẩm: + -5%RH Độ nhạy: 1%RH; Nhiệt độ: 1 độ C. Chu kỳ: + -1% RH; Nhiệt độ + -1 độ C Độ trễ: + -1% RH,6455d1c8e6a44f0b50166436,Hàng Việt Nam
6463b0273ae9611cd858368b,https://res.cloudinary.com/dcqjrwaoi/image/upload/v1684254752/s5buohfq2uszykmaeykt.jpg,Casio,Module ứng dụng 9,module-ung-dung-9,77000,Điệ áp:4.45~5.25VDC Dòng: 2mA (Max 5mA) Cảm biến: Polymer resistor Phạm vi hoạt động: 20-90% RH; Nhiệt độ 0 ~ 50 độC Sai số độ ẩm: + -5%RH Độ nhạy: 1%RH; Nhiệt độ: 1 độ C. Chu kỳ: + -1% RH; Nhiệt độ + -1 độ C Độ trễ: + -1% RH,6455d1c8e6a44f0b50166436,Hàng nội địa Trung
6463b0343ae9611cd8583690,https://res.cloudinary.com/dcqjrwaoi/image/upload/v1684254769/ef0x68yibopasi5tu0l9.jpg,Casio,Module ứng dụng 10,module-ung-dung-10,77000,Điệ áp:4.45~5.25VDC Dòng: 2mA (Max 5mA) Cảm biến: Polymer resistor Phạm vi hoạt động: 20-90% RH; Nhiệt độ 0 ~ 50 độC Sai số độ ẩm: + -5%RH Độ nhạy: 1%RH; Nhiệt độ: 1 độ C. Chu kỳ: + -1% RH; Nhiệt độ + -1 độ C Độ trễ: + -1% RH,6455d1c8e6a44f0b50166436,Hàng Việt Nam
6463b0413ae9611cd8583695,https://res.cloudinary.com/dcqjrwaoi/image/upload/v1684254782/zxnhv1muilahws5haxgz.jpg,Casio,Module ứng dụng 11,module-ung-dung-11,77000,Điệ áp:4.45~5.25VDC Dòng: 2mA (Max 5mA) Cảm biến: Polymer resistor Phạm vi hoạt động: 20-90% RH; Nhiệt độ 0 ~ 50 độC Sai số độ ẩm: + -5%RH Độ nhạy: 1%RH; Nhiệt độ: 1 độ C. Chu kỳ: + -1% RH; Nhiệt độ + -1 độ C Độ trễ: + -1% RH,6455d1c8e6a44f0b50166436,Hàng Việt Nam
6463b2403ae9611cd858369b,https://res.cloudinary.com/dcqjrwaoi/image/upload/v1684255275/ji5hdvhk8m0zemnphm2m.jpg,Casio,IC nguồn 1,ic-nguon-1,57000,Điệ áp:4.45~5.25VDC Dòng: 2mA (Max 5mA) Cảm biến: Polymer resistor Phạm vi hoạt động: 20-90% RH; Nhiệt độ 0 ~ 50 độC Sai số độ ẩm: + -5%RH Độ nhạy: 1%RH; Nhiệt độ: 1 độ C. Chu kỳ: + -1% RH; Nhiệt độ + -1 độ C Độ trễ: + -1% RH,6455d1dae6a44f0b5016643b,Hàng nội địa Trung
6463b2523ae9611cd85836a0,https://res.cloudinary.com/dcqjrwaoi/image/upload/v1684255309/hbdjgvydjywzxmwtogt9.jpg,Casio,IC nguồn 2,ic-nguon-2,57000,Điệ áp:4.45~5.25VDC Dòng: 2mA (Max 5mA) Cảm biến: Polymer resistor Phạm vi hoạt động: 20-90% RH; Nhiệt độ 0 ~ 50 độC Sai số độ ẩm: + -5%RH Độ nhạy: 1%RH; Nhiệt độ: 1 độ C. Chu kỳ: + -1% RH; Nhiệt độ + -1 độ C Độ trễ: + -1% RH,6455d1dae6a44f0b5016643b,Hàng Việt Nam
6463b25f3ae9611cd85836a5,https://res.cloudinary.com/dcqjrwaoi/image/upload/v1684255323/uzdbnq3lyoquwbhgx7sv.jpg,Casio,IC nguồn 3,ic-nguon-3,57000,Điệ áp:4.45~5.25VDC Dòng: 2mA (Max 5mA) Cảm biến: Polymer resistor Phạm vi hoạt động: 20-90% RH; Nhiệt độ 0 ~ 50 độC Sai số độ ẩm: + -5%RH Độ nhạy: 1%RH; Nhiệt độ: 1 độ C. Chu kỳ: + -1% RH; Nhiệt độ + -1 độ C Độ trễ: + -1% RH,6455d1dae6a44f0b5016643b,Hàng nội địa Trung
6463b27f3ae9611cd85836a9,https://res.cloudinary.com/dcqjrwaoi/image/upload/v1685007281/vjfkrwiqoktlivvnyshx.jpg,Casio,IC nguồn 4,ic-nguon-4,22002,Điệ áp:4.45~5.25VDC Dòng: 2mA (Max 5mA) Cảm biến: Polymer resistor Phạm vi hoạt động: 20-90% RH; Nhiệt độ 0 ~ 50 độC Sai số độ ẩm: + -5%RH Độ nhạy: 1%RH; Nhiệt độ: 1 độ C. Chu kỳ: + -1% RH; Nhiệt độ + -1 độ C Độ trễ: + -1% RH,6455d1dae6a44f0b5016643b,Hàng nội địa Trung
6463b28d3ae9611cd85836ad,https://res.cloudinary.com/dcqjrwaoi/image/upload/v1684255369/jcwfrwwfbf1azwck7xku.jpg,Casio,IC nguồn 5,ic-nguon-5,22002,Điệ áp:4.45~5.25VDC Dòng: 2mA (Max 5mA) Cảm biến: Polymer resistor Phạm vi hoạt động: 20-90% RH; Nhiệt độ 0 ~ 50 độC Sai số độ ẩm: + -5%RH Độ nhạy: 1%RH; Nhiệt độ: 1 độ C. Chu kỳ: + -1% RH; Nhiệt độ + -1 độ C Độ trễ: + -1% RH,6455d1dae6a44f0b5016643b,Hàng Việt Nam
6463b29a3ae9611cd85836b2,https://res.cloudinary.com/dcqjrwaoi/image/upload/v1684255383/dvou42ilyazqge7tjqwi.jpg,Casio,IC nguồn 6,ic-nguon-6,22002,Điệ áp:4.45~5.25VDC Dòng: 2mA (Max 5mA) Cảm biến: Polymer resistor Phạm vi hoạt động: 20-90% RH; Nhiệt độ 0 ~ 50 độC Sai số độ ẩm: + -5%RH Độ nhạy: 1%RH; Nhiệt độ: 1 độ C. Chu kỳ: + -1% RH; Nhiệt độ + -1 độ C Độ trễ: + -1% RH,6455d1dae6a44f0b5016643b,Hàng Việt Nam
6463b2b53ae9611cd85836b7,https://res.cloudinary.com/dcqjrwaoi/image/upload/v1684255409/qlpicxexiljbch0jmiqu.jpg,Casio,IC nguồn 7,ic-nguon-7,22002,Điệ áp:4.45~5.25VDC Dòng: 2mA (Max 5mA) Cảm biến: Polymer resistor Phạm vi hoạt động: 20-90% RH; Nhiệt độ 0 ~ 50 độC Sai số độ ẩm: + -5%RH Độ nhạy: 1%RH; Nhiệt độ: 1 độ C. Chu kỳ: + -1% RH; Nhiệt độ + -1 độ C Độ trễ: + -1% RH,6455d1dae6a44f0b5016643b,Hàng Việt Nam
6463b2c33ae9611cd85836bc,https://res.cloudinary.com/dcqjrwaoi/image/upload/v1684255424/ovqp7qs48w2papq4jesh.jpg,Casio,IC nguồn 78,ic-nguon-78,22002,Điệ áp:4.45~5.25VDC Dòng: 2mA (Max 5mA) Cảm biến: Polymer resistor Phạm vi hoạt động: 20-90% RH; Nhiệt độ 0 ~ 50 độC Sai số độ ẩm: + -5%RH Độ nhạy: 1%RH; Nhiệt độ: 1 độ C. Chu kỳ: + -1% RH; Nhiệt độ + -1 độ C Độ trễ: + -1% RH,6455d1dae6a44f0b5016643b,Hàng Việt Nam
6463b2ce3ae9611cd85836c1,https://res.cloudinary.com/dcqjrwaoi/image/upload/v1684255435/tgqibspkr2rdzlyfyl3h.jpg,Casio,IC nguồn 11,ic-nguon-11,22002,Điệ áp:4.45~5.25VDC Dòng: 2mA (Max 5mA) Cảm biến: Polymer resistor Phạm vi hoạt động: 20-90% RH; Nhiệt độ 0 ~ 50 độC Sai số độ ẩm: + -5%RH Độ nhạy: 1%RH; Nhiệt độ: 1 độ C. Chu kỳ: + -1% RH; Nhiệt độ + -1 độ C Độ trễ: + -1% RH,6455d1dae6a44f0b5016643b,Hàng nội địa Trung
6463b2dd3ae9611cd85836c6,https://res.cloudinary.com/dcqjrwaoi/image/upload/v1684255450/v7mxvqni3f1hd2n9extv.jpg,Casio,IC nguồn 112,ic-nguon-112,22002,Điệ áp:4.45~5.25VDC Dòng: 2mA (Max 5mA) Cảm biến: Polymer resistor Phạm vi hoạt động: 20-90% RH; Nhiệt độ 0 ~ 50 độC Sai số độ ẩm: + -5%RH Độ nhạy: 1%RH; Nhiệt độ: 1 độ C. Chu kỳ: + -1% RH; Nhiệt độ + -1 độ C Độ trễ: + -1% RH,6455d1dae6a44f0b5016643b,Hàng nội địa Trung
6463b2ee3ae9611cd85836cb,https://res.cloudinary.com/dcqjrwaoi/image/upload/v1684255465/jgh37xnz29qteegrqxfw.jpg,Casio,IC nguồn 13,ic-nguon-13,22002,Điệ áp:4.45~5.25VDC Dòng: 2mA (Max 5mA) Cảm biến: Polymer resistor Phạm vi hoạt động: 20-90% RH; Nhiệt độ 0 ~ 50 độC Sai số độ ẩm: + -5%RH Độ nhạy: 1%RH; Nhiệt độ: 1 độ C. Chu kỳ: + -1% RH; Nhiệt độ + -1 độ C Độ trễ: + -1% RH,6455d1dae6a44f0b5016643b,Hàng Việt Nam
6463b2fb3ae9611cd85836d0,https://res.cloudinary.com/dcqjrwaoi/image/upload/v1684255480/qzxgc3ilyfdbky1ur4zl.jpg,Casio,IC nguồn 14,ic-nguon-14,22002,Điệ áp:4.45~5.25VDC Dòng: 2mA (Max 5mA) Cảm biến: Polymer resistor Phạm vi hoạt động: 20-90% RH; Nhiệt độ 0 ~ 50 độC Sai số độ ẩm: + -5%RH Độ nhạy: 1%RH; Nhiệt độ: 1 độ C. Chu kỳ: + -1% RH; Nhiệt độ + -1 độ C Độ trễ: + -1% RH,6455d1dae6a44f0b5016643b,Hàng nội địa Trung
6463b3093ae9611cd85836d5,https://res.cloudinary.com/dcqjrwaoi/image/upload/v1684255494/pakipnmjtzg4ewahmyff.jpg,Casio,IC nguồn 15,ic-nguon-15,22002,Điệ áp:4.45~5.25VDC Dòng: 2mA (Max 5mA) Cảm biến: Polymer resistor Phạm vi hoạt động: 20-90% RH; Nhiệt độ 0 ~ 50 độC Sai số độ ẩm: + -5%RH Độ nhạy: 1%RH; Nhiệt độ: 1 độ C. Chu kỳ: + -1% RH; Nhiệt độ + -1 độ C Độ trễ: + -1% RH,6455d1dae6a44f0b5016643b,Hàng Việt Nam
6463b31b3ae9611cd85836dd,https://res.cloudinary.com/dcqjrwaoi/image/upload/v1684255508/mkhnusyeq4hqrbvvfzyp.jpg,Casio,IC nguồn 16,ic-nguon-16,22002,Điệ áp:4.45~5.25VDC Dòng: 2mA (Max 5mA) Cảm biến: Polymer resistor Phạm vi hoạt động: 20-90% RH; Nhiệt độ 0 ~ 50 độC Sai số độ ẩm: + -5%RH Độ nhạy: 1%RH; Nhiệt độ: 1 độ C. Chu kỳ: + -1% RH; Nhiệt độ + -1 độ C Độ trễ: + -1% RH,6455d1dae6a44f0b5016643b,Hàng nội địa Trung
6463b3293ae9611cd85836e2,https://res.cloudinary.com/dcqjrwaoi/image/upload/v1684255525/rgc19g02e7rh9e9izz4u.jpg,Casio,IC nguồn 17,ic-nguon-17,22002,Điệ áp:4.45~5.25VDC Dòng: 2mA (Max 5mA) Cảm biến: Polymer resistor Phạm vi hoạt động: 20-90% RH; Nhiệt độ 0 ~ 50 độC Sai số độ ẩm: + -5%RH Độ nhạy: 1%RH; Nhiệt độ: 1 độ C. Chu kỳ: + -1% RH; Nhiệt độ + -1 độ C Độ trễ: + -1% RH,6455d1dae6a44f0b5016643b,Hàng Việt Nam
6463b33d3ae9611cd85836e7,https://res.cloudinary.com/dcqjrwaoi/image/upload/v1684255541/ycfuojbaoespysx254kp.jpg,Casio,IC nguồn 18,ic-nguon-18,22002,Điệ áp:4.45~5.25VDC Dòng: 2mA (Max 5mA) Cảm biến: Polymer resistor Phạm vi hoạt động: 20-90% RH; Nhiệt độ 0 ~ 50 độC Sai số độ ẩm: + -5%RH Độ nhạy: 1%RH; Nhiệt độ: 1 độ C. Chu kỳ: + -1% RH; Nhiệt độ + -1 độ C Độ trễ: + -1% RH,6455d1dae6a44f0b5016643b,Hàng nội địa Trung
6463b34a3ae9611cd85836ec,https://res.cloudinary.com/dcqjrwaoi/image/upload/v1684255559/m6yevk2wn3dk4aoekzpx.jpg,Casio,IC nguồn 19,ic-nguon-19,22002,Điệ áp:4.45~5.25VDC Dòng: 2mA (Max 5mA) Cảm biến: Polymer resistor Phạm vi hoạt động: 20-90% RH; Nhiệt độ 0 ~ 50 độC Sai số độ ẩm: + -5%RH Độ nhạy: 1%RH; Nhiệt độ: 1 độ C. Chu kỳ: + -1% RH; Nhiệt độ + -1 độ C Độ trễ: + -1% RH,6455d1dae6a44f0b5016643b,Hàng Việt Nam
6463b35b3ae9611cd85836f1,https://res.cloudinary.com/dcqjrwaoi/image/upload/v1684255573/zimzv4fnmglbaaipgml1.jpg,Casio,IC nguồn 20,ic-nguon-20,22002,Điệ áp:4.45~5.25VDC Dòng: 2mA (Max 5mA) Cảm biến: Polymer resistor Phạm vi hoạt động: 20-90% RH; Nhiệt độ 0 ~ 50 độC Sai số độ ẩm: + -5%RH Độ nhạy: 1%RH; Nhiệt độ: 1 độ C. Chu kỳ: + -1% RH; Nhiệt độ + -1 độ C Độ trễ: + -1% RH,6455d1dae6a44f0b5016643b,Hàng nội địa Trung
6463b3683ae9611cd85836f6,https://res.cloudinary.com/dcqjrwaoi/image/upload/v1684255589/pbzhlvhwh2jv6wgdoq6z.jpg,Casio,IC nguồn 21,ic-nguon-21,22002,Điệ áp:4.45~5.25VDC Dòng: 2mA (Max 5mA) Cảm biến: Polymer resistor Phạm vi hoạt động: 20-90% RH; Nhiệt độ 0 ~ 50 độC Sai số độ ẩm: + -5%RH Độ nhạy: 1%RH; Nhiệt độ: 1 độ C. Chu kỳ: + -1% RH; Nhiệt độ + -1 độ C Độ trễ: + -1% RH,6455d1dae6a44f0b5016643b,Hàng nội địa Trung
6463b3773ae9611cd85836fb,https://res.cloudinary.com/dcqjrwaoi/image/upload/v1684255604/vuovts2k0nbhsumx1d3a.jpg,Casio,IC nguồn 22,ic-nguon-22,22002,Điệ áp:4.45~5.25VDC Dòng: 2mA (Max 5mA) Cảm biến: Polymer resistor Phạm vi hoạt động: 20-90% RH; Nhiệt độ 0 ~ 50 độC Sai số độ ẩm: + -5%RH Độ nhạy: 1%RH; Nhiệt độ: 1 độ C. Chu kỳ: + -1% RH; Nhiệt độ + -1 độ C Độ trễ: + -1% RH,6455d1dae6a44f0b5016643b,Hàng Việt Nam
6464740f4d819812c4e40170,https://res.cloudinary.com/dcqjrwaoi/image/upload/v1684304858/utrpb5tuimblkgbrxsn3.jpg,Casio,IC real time 1,ic-real-time-1,45000,Tags: sendo,6455d1dae6a44f0b5016643b,Hàng nội địa Trung
646474214d819812c4e40175,https://res.cloudinary.com/dcqjrwaoi/image/upload/v1684304926/oh5otxflxjxe2kqc8xgk.jpg,Casio,IC real time 2,ic-real-time-2,45000,Tags: sendo,6455d1dae6a44f0b5016643b,Hàng nội địa Trung
646474314d819812c4e4017a,https://res.cloudinary.com/dcqjrwaoi/image/upload/v1684304940/lpzwqnh94uk3hlhvxpi6.jpg,Casio,IC real time 3,ic-real-time-3,45000,Tags: sendo,6455d1dae6a44f0b5016643b,Hàng nội địa Trung
6464743e4d819812c4e4017f,https://res.cloudinary.com/dcqjrwaoi/image/upload/v1684304955/hsx1qc5dwifzwxtbgkee.jpg,Casio,IC real time 4,ic-real-time-4,45000,Tags: sendo,6455d1dae6a44f0b5016643b,Hàng Việt Nam
6464761e4d819812c4e40185,https://res.cloudinary.com/dcqjrwaoi/image/upload/v1684305434/bw41j2rrigmtu94c7t8c.jpg,Casio,Arduino Kit,arduino-kit,45000,Tags: sendo,6455d1f4e6a44f0b50166440,Hàng Việt Nam
6464763e4d819812c4e4018a,"https://res.cloudinary.com/dcqjrwaoi/image/upload/v1684305462/jlpr9ytq5wu2ebbjrl55.jpg""}]",Casio,Arduino Kit 1,arduino-kit-1,45000,Tags: sendo,6455d1f4e6a44f0b50166440,Hàng Việt Nam
646476574d819812c4e4018f,https://res.cloudinary.com/dcqjrwaoi/image/upload/v1684305484/nrfr5yhflu0ffwlhere9.jpg,Casio,Arduino Kit 2,arduino-kit-2,145000,Tags: sendo,6455d1f4e6a44f0b50166440,Hàng Việt Nam
646476654d819812c4e40194,https://res.cloudinary.com/dcqjrwaoi/image/upload/v1684305505/teyp3gcai1hft0ggmwcm.jpg,Casio,Arduino Kit 3,arduino-kit-3,145000,Tags: sendo,6455d1f4e6a44f0b50166440,Hàng Việt Nam
6464767b4d819812c4e40199,https://res.cloudinary.com/dcqjrwaoi/image/upload/v1684305520/v3b1im5fmsaqubnl3am7.jpg,Zune,Arduino Kit 5,arduino-kit-5,150000,Tags: sendo,6455d1f4e6a44f0b50166440,Hàng Việt Nam
6464768a4d819812c4e4019e,https://res.cloudinary.com/dcqjrwaoi/image/upload/v1684305542/av1xurluq7zgsd1veca1.jpg,Zune,Arduino Kit 6,arduino-kit-6,150000,Tags: sendo,6455d1f4e6a44f0b50166440,Hàng nội địa Trung
646476a04d819812c4e401a6,https://res.cloudinary.com/dcqjrwaoi/image/upload/v1684305557/kjuewuu5b3fouqi7fo6p.jpg,Zune,Arduino Kit 7,arduino-kit-7,150000,Tags: sendo,6455d1f4e6a44f0b50166440,Hàng Việt Nam
646476b04d819812c4e401ab,https://res.cloudinary.com/dcqjrwaoi/image/upload/v1684305580/ncqjvy2kh2gt0oiqxt4t.jpg,Zune,Arduino Kit 8,arduino-kit-8,150000,Tags: sendo,6455d1f4e6a44f0b50166440,Hàng nội địa Trung
646476cc4d819812c4e401af,https://res.cloudinary.com/dcqjrwaoi/image/upload/v1685006935/ft0j2wphuuh74mr6wxi4.jpg,Zune,Arduino Kit 4,arduino-kit-4,150000,Tags: sendo,6455d1f4e6a44f0b50166440,Hàng Việt Nam
646476de4d819812c4e401b3,https://res.cloudinary.com/dcqjrwaoi/image/upload/v1684305626/qjezqzvxe7vyqvlb5a1p.jpg,Zune,Arduino Kit 9,arduino-kit-9,150000,Tags: sendo,6455d1f4e6a44f0b50166440,Hàng nội địa Trung
646476fc4d819812c4e401b8,https://res.cloudinary.com/dcqjrwaoi/image/upload/v1684305648/qqfjlbdvq9g7vod37tvw.jpg,8yo,Arduino Kit 10,arduino-kit-10,130000,Tags: sendo,6455d1f4e6a44f0b50166440,Hàng Việt Nam
6464771d4d819812c4e401bd,https://res.cloudinary.com/dcqjrwaoi/image/upload/v1684305687/pzi0ueb8rvcfn7gnexjq.jpg,8yo,Arduino Kit 12,arduino-kit-12,130000,Tags: sendo,6455d1f4e6a44f0b50166440,Hàng nội địa Trung
6464e83c117ab0227c337e51,https://res.cloudinary.com/dcqjrwaoi/image/upload/v1684334562/r7hy5hjpyp73tetbt0s7.jpg,D'Hoon,Arduino 13,arduino-13,130000,"Kit cắm được sử dụng cho dự án đơn giản, mức độ vừa phải cho người mới bắt đầu làm quen với Arduino cung cấp bởi linh kiện điện tử 3m.",6455d1f4e6a44f0b50166440,Hàng Việt Nam
6464e84d117ab0227c337e56,https://res.cloudinary.com/dcqjrwaoi/image/upload/v1684334663/ntg3oehete5ipn5lrbse.jpg,D'Hoon,Arduino 14,arduino-14,130000,"Kit cắm được sử dụng cho dự án đơn giản, mức độ vừa phải cho người mới bắt đầu làm quen với Arduino cung cấp bởi linh kiện điện tử 3m.",6455d1f4e6a44f0b50166440,Hàng nội địa Trung
6464e866117ab0227c337e5b,https://res.cloudinary.com/dcqjrwaoi/image/upload/v1684334680/d2wo9grdk45w7hvigbec.jpg,D'Hoon,Arduino 15,arduino-15,153000,"Kit cắm được sử dụng cho dự án đơn giản, mức độ vừa phải cho người mới bắt đầu làm quen với Arduino cung cấp bởi linh kiện điện tử 3m.",6455d1f4e6a44f0b50166440,Hàng Việt Nam
6464e87e117ab0227c337e60,https://res.cloudinary.com/dcqjrwaoi/image/upload/v1684334708/xneo5oxsmx2mfy6qtlsp.jpg,Zune,Arduino 17,arduino-17,153000,"Kit cắm được sử dụng cho dự án đơn giản, mức độ vừa phải cho người mới bắt đầu làm quen với Arduino cung cấp bởi linh kiện điện tử 3m.",6455d1f4e6a44f0b50166440,Hàng Việt Nam
6464e891117ab0227c337e65,https://res.cloudinary.com/dcqjrwaoi/image/upload/v1684334729/b8bethorhcfjemtomdp7.jpg,Zune,Arduino 1766,arduino-1766,143998,"Kit cắm được sử dụng cho dự án đơn giản, mức độ vừa phải cho người mới bắt đầu làm quen với Arduino cung cấp bởi linh kiện điện tử 3m.",6455d1f4e6a44f0b50166440,Hàng nội địa Trung
6464e8ac117ab0227c337e6a,https://res.cloudinary.com/dcqjrwaoi/image/upload/v1684334750/b1igwxe2e1wtnivj5kj7.jpg,Casio,Arduino 1718,arduino-1718,133000,"Kit cắm được sử dụng cho dự án đơn giản, mức độ vừa phải cho người mới bắt đầu làm quen với Arduino cung cấp bởi linh kiện điện tử 3m.",6455d1f4e6a44f0b50166440,Hàng Việt Nam
6464e8bc117ab0227c337e6f,https://res.cloudinary.com/dcqjrwaoi/image/upload/v1684334774/nmf0t9o3tuddgt0pwji7.jpg,Casio,Arduino 1719-R,arduino-1719-r,133000,"Kit cắm được sử dụng cho dự án đơn giản, mức độ vừa phải cho người mới bắt đầu làm quen với Arduino cung cấp bởi linh kiện điện tử 3m.",6455d1f4e6a44f0b50166440,Hàng Việt Nam
6464e8cd117ab0227c337e74,https://res.cloudinary.com/dcqjrwaoi/image/upload/v1684334791/gfrqhaxflsrw5grs4emx.jpg,Casio,Arduino 1719-E,arduino-1719-e,133000,"Kit cắm được sử dụng cho dự án đơn giản, mức độ vừa phải cho người mới bắt đầu làm quen với Arduino cung cấp bởi linh kiện điện tử 3m.",6455d1f4e6a44f0b50166440,Hàng nội địa Trung
6464e8d9117ab0227c337e7a,https://res.cloudinary.com/dcqjrwaoi/image/upload/v1684334806/qgtra73jnydp4hcv1cb1.jpg,Casio,Arduino 1719-FT,arduino-1719-ft,133000,"Kit cắm được sử dụng cho dự án đơn giản, mức độ vừa phải cho người mới bắt đầu làm quen với Arduino cung cấp bởi linh kiện điện tử 3m.",6455d1f4e6a44f0b50166440,Hàng Việt Nam
6464e8f1117ab0227c337e7f,https://res.cloudinary.com/dcqjrwaoi/image/upload/v1684334823/lg8crddws6smw2fek8fn.jpg,Zune,Arduino 1719-22,arduino-1719-22,133000,"Kit cắm được sử dụng cho dự án đơn giản, mức độ vừa phải cho người mới bắt đầu làm quen với Arduino cung cấp bởi linh kiện điện tử 3m.",6455d1f4e6a44f0b50166440,Hàng Việt Nam
6464e8ff117ab0227c337e84,https://res.cloudinary.com/dcqjrwaoi/image/upload/v1684334842/wftxyjxss7rwzzevxxzk.jpg,Zune,Arduino 1719-23,arduino-1719-23,133000,"Kit cắm được sử dụng cho dự án đơn giản, mức độ vừa phải cho người mới bắt đầu làm quen với Arduino cung cấp bởi linh kiện điện tử 3m.",6455d1f4e6a44f0b50166440,Hàng nội địa Trung
6464e90e117ab0227c337e89,https://res.cloudinary.com/dcqjrwaoi/image/upload/v1684334858/sryituoqmwdrsae7rvxk.jpg,Zune,Arduino 1719-24,arduino-1719-24,133000,"Kit cắm được sử dụng cho dự án đơn giản, mức độ vừa phải cho người mới bắt đầu làm quen với Arduino cung cấp bởi linh kiện điện tử 3m.",6455d1f4e6a44f0b50166440,Hàng Việt Nam
6464e91c117ab0227c337e8e,https://res.cloudinary.com/dcqjrwaoi/image/upload/v1684334873/bz0imq4ejnz6oz2wjhj6.jpg,Zune,Arduino 1719-25,arduino-1719-25,133000,"Kit cắm được sử dụng cho dự án đơn giản, mức độ vừa phải cho người mới bắt đầu làm quen với Arduino cung cấp bởi linh kiện điện tử 3m.",6455d1f4e6a44f0b50166440,Hàng Việt Nam
6464e92a117ab0227c337e93,https://res.cloudinary.com/dcqjrwaoi/image/upload/v1684334887/gwkn6ttkwkroaxngxi1w.jpg,Zune,Arduino 1719-26,arduino-1719-26,133000,"Kit cắm được sử dụng cho dự án đơn giản, mức độ vừa phải cho người mới bắt đầu làm quen với Arduino cung cấp bởi linh kiện điện tử 3m.",6455d1f4e6a44f0b50166440,Hàng Việt Nam
6464e93d117ab0227c337e98,https://res.cloudinary.com/dcqjrwaoi/image/upload/v1684334900/c3ei1qcjtlwjmllb9tva.jpg,Zune,Arduino 1719-27,arduino-1719-27,89000,"Kit cắm được sử dụng cho dự án đơn giản, mức độ vừa phải cho người mới bắt đầu làm quen với Arduino cung cấp bởi linh kiện điện tử 3m.",6455d1f4e6a44f0b50166440,Hàng nội địa Trung
6464e95d117ab0227c337e9d,https://res.cloudinary.com/dcqjrwaoi/image/upload/v1684334938/l3v6rizhqf7gv5it2sji.jpg,Zune,Arduino 1719-28,arduino-1719-28,89000,"Kit cắm được sử dụng cho dự án đơn giản, mức độ vừa phải cho người mới bắt đầu làm quen với Arduino cung cấp bởi linh kiện điện tử 3m.",6455d1f4e6a44f0b50166440,Hàng Việt Nam
6464e979117ab0227c337ea6,https://res.cloudinary.com/dcqjrwaoi/image/upload/v1684334966/cmiwauogsytsiw4efpqa.jpg,Zune,Arduino 1719-29,arduino-1719-29,89000,"Kit cắm được sử dụng cho dự án đơn giản, mức độ vừa phải cho người mới bắt đầu làm quen với Arduino cung cấp bởi linh kiện điện tử 3m.",6455d1f4e6a44f0b50166440,Hàng Việt Nam
6464e98f117ab0227c337eab,https://res.cloudinary.com/dcqjrwaoi/image/upload/v1684334983/q6wipvbnoptvtafkww6i.jpg,Zune,Bộ Arduino 1719-2,bo-arduino-1719-2,89000,"Kit cắm được sử dụng cho dự án đơn giản, mức độ vừa phải cho người mới bắt đầu làm quen với Arduino cung cấp bởi linh kiện điện tử 3m.",6455d1f4e6a44f0b50166440,Hàng nội địa Trung
6464e9a1117ab0227c337eb0,https://res.cloudinary.com/dcqjrwaoi/image/upload/v1684335001/dn7gdk6big0j9w8az9sd.jpg,Zune,Arduino 1719-231,arduino-1719-231,89000,"Kit cắm được sử dụng cho dự án đơn giản, mức độ vừa phải cho người mới bắt đầu làm quen với Arduino cung cấp bởi linh kiện điện tử 3m.",6455d1f4e6a44f0b50166440,Hàng Việt Nam
6464e9b3117ab0227c337eb5,https://res.cloudinary.com/dcqjrwaoi/image/upload/v1684335023/loyvmok2jkefw9tl3zjx.jpg,Zune,Arduino 1732,arduino-1732,89000,"Kit cắm được sử dụng cho dự án đơn giản, mức độ vừa phải cho người mới bắt đầu làm quen với Arduino cung cấp bởi linh kiện điện tử 3m.",6455d1f4e6a44f0b50166440,Hàng nội địa Trung
6464e9c5117ab0227c337eba,https://res.cloudinary.com/dcqjrwaoi/image/upload/v1684335039/i0jiik3cada0ye04ildm.jpg,Zune,Arduino 1-34,arduino-1-34,89000,"Kit cắm được sử dụng cho dự án đơn giản, mức độ vừa phải cho người mới bắt đầu làm quen với Arduino cung cấp bởi linh kiện điện tử 3m.",6455d1f4e6a44f0b50166440,Hàng Việt Nam
6464e9d8117ab0227c337ebf,https://res.cloudinary.com/dcqjrwaoi/image/upload/v1684335058/zpfpaikdhwxdgzektfr3.jpg,Zune,Arduino 1-35,arduino-1-35,89000,"Kit cắm được sử dụng cho dự án đơn giản, mức độ vừa phải cho người mới bắt đầu làm quen với Arduino cung cấp bởi linh kiện điện tử 3m.",6455d1f4e6a44f0b50166440,Hàng nội địa Trung
6464e9ef117ab0227c337ec4,https://res.cloudinary.com/dcqjrwaoi/image/upload/v1684335077/emgxnflh1gazmyxosb0e.jpg,Casio,Arduino 1-36,arduino-1-36,125000,"Kit cắm được sử dụng cho dự án đơn giản, mức độ vừa phải cho người mới bắt đầu làm quen với Arduino cung cấp bởi linh kiện điện tử 3m.",6455d1f4e6a44f0b50166440,Hàng Việt Nam
6464ea00117ab0227c337ec9,https://res.cloudinary.com/dcqjrwaoi/image/upload/v1684335099/ye7lukwv0lgnhamhhoa8.jpg,Casio,Arduino 1-37,arduino-1-37,125000,"Kit cắm được sử dụng cho dự án đơn giản, mức độ vừa phải cho người mới bắt đầu làm quen với Arduino cung cấp bởi linh kiện điện tử 3m.",6455d1f4e6a44f0b50166440,Hàng Việt Nam
6464ea10117ab0227c337ece,https://res.cloudinary.com/dcqjrwaoi/image/upload/v1684335116/uw9bys3bhvlalwddsk4b.jpg,Casio,Arduino 1-39,arduino-1-39,125000,"Kit cắm được sử dụng cho dự án đơn giản, mức độ vừa phải cho người mới bắt đầu làm quen với Arduino cung cấp bởi linh kiện điện tử 3m.",6455d1f4e6a44f0b50166440,Hàng Việt Nam
6464ea1f117ab0227c337ed3,https://res.cloudinary.com/dcqjrwaoi/image/upload/v1684335131/qoar4kjigoyld9iaxtxp.jpg,Casio,Arduino 1-10,arduino-1-10,125000,"Kit cắm được sử dụng cho dự án đơn giản, mức độ vừa phải cho người mới bắt đầu làm quen với Arduino cung cấp bởi linh kiện điện tử 3m.",6455d1f4e6a44f0b50166440,Hàng Việt Nam
6464ea37117ab0227c337ed8,https://res.cloudinary.com/dcqjrwaoi/image/upload/v1684335148/eb8gwe1zyrqkcmgm7h3v.jpg,Zune,Arduino 1-41,arduino-1-41,145000,"Kit cắm được sử dụng cho dự án đơn giản, mức độ vừa phải cho người mới bắt đầu làm quen với Arduino cung cấp bởi linh kiện điện tử 3m.",6455d1f4e6a44f0b50166440,Hàng Việt Nam
6464ea45117ab0227c337edd,https://res.cloudinary.com/dcqjrwaoi/image/upload/v1684335170/znpxxk49ap9youbshnoz.jpg,Zune,Arduino 1-42,arduino-1-42,145000,"Kit cắm được sử dụng cho dự án đơn giản, mức độ vừa phải cho người mới bắt đầu làm quen với Arduino cung cấp bởi linh kiện điện tử 3m.",6455d1f4e6a44f0b50166440,Hàng nội địa Trung
6464ea54117ab0227c337ee2,https://res.cloudinary.com/dcqjrwaoi/image/upload/v1684335184/j2updvumcwfomvpvqjfc.jpg,Zune,Arduino 1-43,arduino-1-43,145000,"Kit cắm được sử dụng cho dự án đơn giản, mức độ vừa phải cho người mới bắt đầu làm quen với Arduino cung cấp bởi linh kiện điện tử 3m.",6455d1f4e6a44f0b50166440,Hàng nội địa Trung
6464ea62117ab0227c337ee7,https://res.cloudinary.com/dcqjrwaoi/image/upload/v1684335199/b4zna935qargz1e45vlc.jpg,Zune,Arduino 44,arduino-44,145000,"Kit cắm được sử dụng cho dự án đơn giản, mức độ vừa phải cho người mới bắt đầu làm quen với Arduino cung cấp bởi linh kiện điện tử 3m.",6455d1f4e6a44f0b50166440,Hàng Việt Nam
6464ebf5117ab0227c337eea,https://res.cloudinary.com/dcqjrwaoi/image/upload/v1684335199/b4zna935qargz1e45vlc.jpg,Zune,Kit-1,kit-1,145000,"Kit cắm được sử dụng cho dự án đơn giản, mức độ vừa phải cho người mới bắt đầu làm quen với Arduino cung cấp bởi linh kiện điện tử 3m.",6455d1f4e6a44f0b50166440,Hàng Việt Nam
6464ec6e117ab0227c337ef4,https://res.cloudinary.com/dcqjrwaoi/image/upload/v1684335717/c6qrjoutgnng39goaki0.jpg,Zune,Kit-11,kit-11,145000,"Kit cắm được sử dụng cho dự án đơn giản, mức độ vừa phải cho người mới bắt đầu làm quen với Arduino cung cấp bởi linh kiện điện tử 3m.",6455d1f4e6a44f0b50166440,Hàng nội địa Trung
6464ec7f117ab0227c337ef9,https://res.cloudinary.com/dcqjrwaoi/image/upload/v1684335739/tojdyp0mkkxdxqzlu2qr.jpg,Zune,Kit-2,kit-2,145000,"Kit cắm được sử dụng cho dự án đơn giản, mức độ vừa phải cho người mới bắt đầu làm quen với Arduino cung cấp bởi linh kiện điện tử 3m.",6455d1f4e6a44f0b50166440,Hàng nội địa Trung
6464ec8b117ab0227c337efe,https://res.cloudinary.com/dcqjrwaoi/image/upload/v1684335752/vbbscyadadzt2zztc5k2.jpg,Zune,Kit-3,kit-3,145000,"Kit cắm được sử dụng cho dự án đơn giản, mức độ vừa phải cho người mới bắt đầu làm quen với Arduino cung cấp bởi linh kiện điện tử 3m.",6455d1f4e6a44f0b50166440,Hàng Việt Nam
6464ece1117ab0227c337f06,https://res.cloudinary.com/dcqjrwaoi/image/upload/v1684335773/y48yssim0nbw5nhubg45.jpg,Casio,Kit-33,kit-33,135000,"Kit cắm được sử dụng cho dự án đơn giản, mức độ vừa phải cho người mới bắt đầu làm quen với Arduino cung cấp bởi linh kiện điện tử 3m.",6455d1f4e6a44f0b50166440,Hàng Việt Nam
6464eced117ab0227c337f0a,https://res.cloudinary.com/dcqjrwaoi/image/upload/v1685006362/t9vncmomgsgnhxidj70z.jpg,Casio,Kit-4,kit-4,135000,"Kit cắm được sử dụng cho dự án đơn giản, mức độ vừa phải cho người mới bắt đầu làm quen với Arduino cung cấp bởi linh kiện điện tử 3m.",6455d1f4e6a44f0b50166440,Hàng Việt Nam
6464ed07117ab0227c337f0e,https://res.cloudinary.com/dcqjrwaoi/image/upload/v1684335875/exjrx0bfqxtthwnh46rs.jpg,Casio,Kit-5,kit-5,135000,"Kit cắm được sử dụng cho dự án đơn giản, mức độ vừa phải cho người mới bắt đầu làm quen với Arduino cung cấp bởi linh kiện điện tử 3m.",6455d1f4e6a44f0b50166440,Hàng nội địa Trung
6464ed13117ab0227c337f13,https://res.cloudinary.com/dcqjrwaoi/image/upload/v1684335889/teexfr58n3dgzknqbw1r.jpg,Casio,Kit-6,kit-6,135000,"Kit cắm được sử dụng cho dự án đơn giản, mức độ vừa phải cho người mới bắt đầu làm quen với Arduino cung cấp bởi linh kiện điện tử 3m.",6455d1f4e6a44f0b50166440,Hàng Việt Nam
6464ed2c117ab0227c337f1b,https://res.cloudinary.com/dcqjrwaoi/image/upload/v1684335906/yisw5sii5ckczlyjpowm.jpg,Casio,Kit-7,kit-7,135000,"Kit cắm được sử dụng cho dự án đơn giản, mức độ vừa phải cho người mới bắt đầu làm quen với Arduino cung cấp bởi linh kiện điện tử 3m.",6455d1f4e6a44f0b50166440,Hàng nội địa Trung
6464ed3d117ab0227c337f20,https://res.cloudinary.com/dcqjrwaoi/image/upload/v1684335930/tjeajtyg2iorcntjikm4.jpg,Casio,Kit-8,kit-8,135000,"Kit cắm được sử dụng cho dự án đơn giản, mức độ vừa phải cho người mới bắt đầu làm quen với Arduino cung cấp bởi linh kiện điện tử 3m.",6455d1f4e6a44f0b50166440,Hàng Việt Nam
6464ed4c117ab0227c337f25,https://res.cloudinary.com/dcqjrwaoi/image/upload/v1684335944/qheqimxz4ubebbznvkdu.jpg,Casio,Kit-9,kit-9,135000,"Kit cắm được sử dụng cho dự án đơn giản, mức độ vừa phải cho người mới bắt đầu làm quen với Arduino cung cấp bởi linh kiện điện tử 3m.",6455d1f4e6a44f0b50166440,Hàng Việt Nam
646e2e78144ff61fd0b9a22e,https://res.cloudinary.com/dcqjrwaoi/image/upload/v1684942424/ig6t7kn6fbfqtozguq9t.jpg,Zune,IC 1082,ic-1028,130000,Chất lượng tốt,6455d1dae6a44f0b5016643b,Việt
646efd0906c56e36504a81ed,https://res.cloudinary.com/dcqjrwaoi/image/upload/v1684995319/yluwrwtcmdgqadkc2hqt.jpg,Cemery,Arduino 876,add,120000,Sản phẩm,,Trung
